Date,us_Trade Weighted Dollar Index,kr_fx,jp_fx,us_ret,kr_ret,jp_ret,kr_us_spread,jp_us_spread,kr_jp_spread,corr_us_kr,corr_us_jp,corr_kr_jp,us_ret_lag1,kr_ret_lag1,jp_ret_lag1,US_Interest_Rate,KR_Interest_Rate,JP_Interest_Rate,US_GDP,KR_GDP,JP_GDP,US_CPI,KR_CPI,JP_CPI,US_Employment,KR_Employment,JP_Employment,US_Unemployment,KR_Unemployment,JP_Unemployment,US_Trade_Balance,KR_Trade_Balance,JP_Trade_Balance
11.Jan,90.1112,1120.07,82.6111,-0.007960694,-0.001724593,-0.001372428,0.006236102,0.006588267,-0.000352165,0.7847807271650654,-0.112388601,-0.274339612,-0.007960694,-0.001724593,-0.001372428,0.17,2.66,0.085,3837862,355795000,125410750,0.4763,1.1885,-0.1,130837,23714100,63116670,9.1,3.6667,4.7333,-48123,1.26897E+13,7.44358E+11
11.Feb,89.3967,1118.14,82.4978,-0.007960694,-0.001724593,-0.001372428,0.006236102,0.006588267,-0.000352165,0.7847807271650654,-0.112388601,-0.274339612,-0.007960694,-0.001724593,-0.001372428,0.16,2.75,0.093,3837862,355795000,125410750,0.4931,0.6841,0,131056,23714100,63116670,9,3.6667,4.7333,-44753,1.26897E+13,7.44358E+11
11.Mar,88.4872,1122.45,81.7936,-0.01022586,0.003847206,-0.008572625,0.014073066,0.001653235,0.012419831,0.7847807271650654,-0.112388601,-0.274339612,-0.007960694,-0.001724593,-0.001372428,0.14,2.92,0.085,3837862,355795000,125410750,0.9751,0.3892,0.3,131282,23714100,63116670,9,3.6667,4.7333,-44312,1.26897E+13,7.44358E+11
11.Apr,86.9214,1086.84,83.347,-0.017853647,-0.032239393,0.018813615,-0.014385746,0.036667262,-0.051053008,0.7847807271650654,-0.112388601,-0.274339612,-0.01022586,0.003847206,-0.008572625,0.1,3.01,0.062,3889384.8,358455700,123585300,0.6439,0.0975,0.1,131597,24861000,62846670,9.1,3.3333,4.6667,-42685,5.87961E+12,-1.65309E+12
11.May,86.9464,1083.54,81.2572,0.000287575,-0.003040944,-0.025393183,-0.003328519,-0.025680758,0.022352239,0.7847807271650654,-0.112388601,-0.274339612,-0.017853647,-0.032239393,0.018813615,0.09,3.02,0.069,3889384.8,358455700,123585300,0.4704,0.1926,0,131704,24861000,62846670,9,3.3333,4.6667,-47725,5.87961E+12,-1.65309E+12
11.Jun,86.9412,1081.27,80.5118,-5.98E-05,-0.002097183,-0.009215675,-0.002037374,-0.009155866,0.007118493,0.7847807271650654,-0.112388601,-0.274339612,0.000287575,-0.003040944,-0.025393183,0.09,3.2,0.069,3889384.8,358455700,123585300,-0.1071,0.1933,-0.2,131931,24861000,62846670,9.1,3.3333,4.6667,-49882,5.87961E+12,-1.65309E+12
11.Jul,86.3178,1059.5,79.39736842,-0.007196194,-0.020339177,-0.013938533,-0.013142983,-0.006742339,-0.006400644,0.7847807271650654,-0.112388601,-0.274339612,-5.98E-05,-0.002097183,-0.009215675,0.07,3.26,0.073,3911920,363290800,126142275,0.0886,0.4818,0,131993,24773700,62833330,9,3.3,4.4667,-46070,7.81414E+12,-6.65751E+11
11.Aug,86.8983,1073.17,77.22086957,0.006702635,0.012819787,-0.027795473,0.006117151,-0.034498108,0.040615259,0.7847807271650654,-0.112388601,-0.274339612,-0.007196194,-0.020339177,-0.013938533,0.1,3.25,0.081,3911920,363290800,126142275,0.2758,0.6715,0.1,132125,24773700,62833330,9,3.3,4.4667,-45052,7.81414E+12,-6.65751E+11
11.Sep,89.7253,1118.61,76.8375,0.032014311,0.041469958,-0.004976949,0.009455647,-0.036991261,0.046446907,0.7847807271650654,-0.112388601,-0.274339612,0.006702635,0.012819787,-0.027795473,0.08,3.25,0.08,3911920,363290800,126142275,0.1518,-0.0959,0,132344,24773700,62833330,9,3.3,4.4667,-43477,7.81414E+12,-6.65751E+11
11.Oct,90.6098,1155.45,76.772,0.009809594,0.032403035,-0.000852812,0.022593441,-0.010662406,0.033255847,0.7847807271650654,-0.112388601,-0.274339612,0.032014311,0.041469958,-0.004976949,0.07,3.24,0.081,3960564.8,371034100,126270050,-0.2063,-0.1898,0.1,132553,24756970,62933330,8.8,3.2333,4.4667,-45509,8.20753E+12,-1.16555E+12
11.Nov,91.2649,1132.31,77.5794,0.007203892,-0.020230085,0.010461938,-0.027433976,0.003258046,-0.030692022,0.7847807271650654,-0.112388601,-0.274339612,0.009809594,0.032403035,-0.000852812,0.08,3.26,0.077,3960564.8,371034100,126270050,-0.0844,0.0951,-0.6,132690,24756970,62933330,8.6,3.2333,4.4667,-47460,8.20753E+12,-1.16555E+12
11.Dec,92.2056,1147.45,77.8586,0.010254599,0.013282295,0.003592433,0.003027696,-0.006662166,0.009689862,0.7847807271650654,-0.112388601,-0.274339612,0.007203892,-0.020230085,0.010461938,0.07,3.26,0.078,3960564.8,371034100,126270050,-0.2467,0.3811,0,132888,24756970,62933330,8.5,3.2333,4.4667,-49473,8.20753E+12,-1.16555E+12
12.Jan,91.6463,1145.85,76.9783,-0.006084264,-0.001395369,-0.011370797,0.004688894,-0.005286533,0.009975428,0.7847807271650654,-0.112388601,-0.274339612,0.010254599,0.013282295,0.003592433,0.08,3.26,0.08,4017201.3,373759200,128038600,0.44,0.3994,0.2,133245,24222900,62770000,8.3,3.3,4.5,-50126,6.96694E+12,-1.3236E+12
12.Feb,89.9605,1123.35,78.392,-0.018565917,-0.019831427,0.018198317,-0.00126551,0.036764235,-0.038029745,0.8106745041735793,-0.272842347,-0.363511027,-0.006084264,-0.001395369,-0.011370797,0.1,3.25,0.085,4017201.3,373759200,128038600,0.4403,0.3792,0.2,133508,24222900,62770000,8.3,3.3,4.5,-42780,6.96694E+12,-1.3236E+12
12.Mar,90.5112,1125.9,82.4347619,0.006102915,0.002267423,0.050285334,-0.003835491,0.044182419,-0.048017911,0.8468855411787631,-0.140640368,-0.22974415,-0.018565917,-0.019831427,0.018198317,0.13,3.25,0.084,4017201.3,373759200,128038600,0.7595,0.0284,0.5,133748,24222900,62770000,8.2,3.3,4.5,-49749,6.96694E+12,-1.3236E+12
12.Apr,90.8156,1135.55,81.4895,0.003357477,0.008534399,-0.011533038,0.005176922,-0.014890515,0.020067437,0.8032715948040016,-0.023345856,-0.135659825,0.006102915,0.002267423,0.050285334,0.14,3.25,0.075,4051778.8,374345700,126240100,0.3021,-0.0098,0.1,133825,25299970,62733330,8.2,3.2,4.4,-46842,7.63646E+12,-1.9729E+12
12.May,92.4928,1154.27,79.7155,0.018299727,0.016350994,-0.022010131,-0.001948732,-0.040309858,0.038361126,0.8036785603285264,-0.151064939,-0.228272703,0.003357477,0.008534399,-0.011533038,0.16,3.26,0.084,4051778.8,374345700,126240100,-0.1173,0.179,-0.3,133933,25299970,62733330,8.2,3.2,4.4,-45106,7.63646E+12,-1.9729E+12
12.Jun,93.8809,1165.51,79.32142857,0.014896154,0.00969065,-0.004955732,-0.005205504,-0.019851886,0.014646382,0.793783988,-0.175978246,-0.247341851,0.018299727,0.016350994,-0.022010131,0.16,3.26,0.076,4051778.8,374345700,126240100,-0.1466,-0.1417,-0.5,134012,25299970,62733330,8.2,3.2,4.4,-42941,7.63646E+12,-1.9729E+12
12.Jul,93.4062,1143.36,78.983,-0.005069233,-0.019187464,-0.004275674,-0.01411823,0.000793559,-0.014911789,0.7858967430571991,-0.230096701,-0.312807048,0.014896154,0.00969065,-0.004955732,0.16,3.08,0.084,4079885.3,376166800,125664575,-0.163,-0.2259,-0.3,134157,25251630,62820000,8.2,3.1667,4.2333,-42406,8420468000000.002,-1.84725E+12
12.Aug,92.5283,1131.69,78.66478261,-0.009443181,-0.010259205,-0.004037073,-0.000816025,0.005406107,-0.006222132,0.8012329641320698,-0.204450292,-0.267175787,-0.005069233,-0.019187464,-0.004275674,0.13,3,0.086,4079885.3,376166800,125664575,0.5565,0.4626,0.1,134338,25251630,62820000,8.1,3.1667,4.2333,-44030,8420468000000.002,-1.84725E+12
12.Sep,90.9802,1124.78,78.16777778,-0.016872643,-0.00612463,-0.006338052,0.010748014,0.010534591,0.000213423,0.664879027,-0.091094793,-0.230083624,-0.009443181,-0.010259205,-0.004037073,0.14,2.99,0.085,4079885.3,376166800,125664575,0.4462,0.7153,0.1,134517,25251630,62820000,7.8,3.1667,4.2333,-38794,8420468000000.002,-1.84725E+12
12.Oct,90.7566,1106.93,78.96863636,-0.002460703,-0.015997043,0.010193252,-0.013536341,0.012653954,-0.026190295,0.6736782646019988,-0.092778048,-0.285757394,-0.016872643,-0.00612463,-0.006338052,0.16,2.8,0.085,4105104.8,380402400,125581900,-0.0389,-0.187,0,134668,25044670,62850000,7.8,3.1333,4.1667,-41467,1.04238E+13,-1.7667E+12
12.Nov,91.4751,1087.52,80.792,0.007885606,-0.017690543,0.022827185,-0.025576149,0.014941579,-0.040517728,0.6895684455859149,-0.049350455,-0.333992913,-0.002460703,-0.015997043,0.010193252,0.16,2.75,0.086,4105104.8,380402400,125581900,-0.4738,-0.3552,-0.4,134825,25044670,62850000,7.7,3.1333,4.1667,-45332,1.04238E+13,-1.7667E+12
12.Dec,90.8804,1076.97,83.57777778,-0.006522448,-0.009748332,0.033899718,-0.003225884,0.040422166,-0.04364805,0.6652489492243925,-0.106349169,-0.37716617,0.007885606,-0.017690543,0.022827185,0.16,2.75,0.082,4105104.8,380402400,125581900,-0.2693,0.1782,0,135074,25044670,62850000,7.9,3.1333,4.1667,-36334,1.04238E+13,-1.7667E+12
13.Jan,90.8255,1065.35,89.16,-0.000604273,-0.010848159,0.06465484,-0.010243886,0.065259113,-0.075502999,0.6822138854958664,-0.111745706,-0.359801259,-0.006522448,-0.009748332,0.033899718,0.14,2.76,0.083,4162047.3,385330900,127103025,0.2957,0.5999,0.1,135257,24412430,63036670,8,3.1333,4.2,-40135,1.02626E+13,-2.56689E+12
13.Feb,91.5509,1086.68,93.16611111,0.007955019,0.019823793,0.043951532,0.011868774,0.035996514,-0.024127739,0.626667602,-0.015661969,-0.114476633,-0.000604273,-0.010848159,0.06465484,0.15,2.75,0.08,4162047.3,385330900,127103025,0.819,0.3343,-0.2,135545,24412430,63036670,7.7,3.1333,4.2,-41004,1.02626E+13,-2.56689E+12
13.Mar,92.4132,1102.2,94.78842105,0.009374724,0.014181006,0.01726322,0.004806282,0.007888496,-0.003082214,0.6464364499207583,-0.062553958,-0.142098726,0.007955019,0.019823793,0.043951532,0.14,2.74,0.08,4162047.3,385330900,127103025,0.2615,-0.0924,0.2,135689,24412430,63036670,7.5,3.1333,4.2,-34314,1.02626E+13,-2.56689E+12
13.Apr,92.0478,1121.83,97.6995,-0.003961818,0.017653098,0.03024918,0.021614916,0.034210999,-0.012596082,0.536481691,-0.0781196,-0.002499733,0.009374724,0.014181006,0.01726322,0.15,2.75,0.07,4182171.8,390551300,128300500,-0.104,-0.1388,0.3,135873,25539330,63180000,7.6,3.0333,4.0333,-38487,1.33745E+13,-2.7314E+12
13.May,92.529,1110.67,101.082,0.005214102,-0.009997844,0.034035627,-0.015211945,0.028821526,-0.044033471,0.4011889574537041,0.2397784515774514,0.1639300864264014,-0.003961818,0.017653098,0.03024918,0.11,2.55,0.07,4182171.8,390551300,128300500,0.178,0,0.1,136095,25539330,63180000,7.5,3.0333,4.0333,-41701,1.33745E+13,-2.7314E+12
13.Jun,93.2836,1135.21,97.33111111,0.008122206,0.021854219,-0.037813386,0.013732013,-0.045935593,0.059667605,0.4151605365881993,0.171566287,-0.106263219,0.005214102,-0.009997844,0.034035627,0.09,2.49,0.07,4182171.8,390551300,128300500,0.24,-0.1217,0,136279,25539330,63180000,7.5,3.0333,4.0333,-34426,1.33745E+13,-2.7314E+12
13.Jul,93.8724,1127.23,99.75052632,0.006292098,-0.00705436,0.02455365,-0.013346458,0.018261552,-0.03160801,0.3457408524412323,0.1454251741799226,-0.213510769,0.008122206,0.021854219,-0.037813386,0.09,2.48,0.07,4238459.5,395650500,129737350,0.0394,0.2146,0.2,136391,25631870,63246670,7.3,3.1333,3.9333,-36356,1.34216E+13,-2.55767E+12
13.Aug,93.7149,1116.98,97.87,-0.001679219,-0.009134681,-0.019032265,-0.007455462,-0.017353046,0.009897584,0.3139641155377043,0.089292929,-0.182344269,0.006292098,-0.00705436,0.02455365,0.08,2.5,0.07,4238459.5,395650500,129737350,0.1203,0.3541,0.3,136646,25631870,63246670,7.2,3.1333,3.9333,-36617,1.34216E+13,-2.55767E+12
13.Sep,93.4706,1087.35,99.27888889,-0.002610246,-0.026885071,0.014292882,-0.024274825,0.016903128,-0.041177953,0.4154778122874946,-0.136079839,-0.166652053,-0.001679219,-0.009134681,-0.019032265,0.08,2.5,0.07,4238459.5,395650500,129737350,0.1163,0.1941,0.3,136821,25631870,63246670,7.2,3.1333,3.9333,-39917,1.34216E+13,-2.55767E+12
13.Oct,92.4993,1066.8,97.82142857,-0.010445871,-0.01908003,-0.01478929,-0.008634159,-0.004343419,-0.00429074,0.4643752430869007,0.06875669,-0.073952251,-0.002610246,-0.026885071,0.014292882,0.09,2.5,0.07,4298004.8,399405500,129675425,-0.2575,-0.3051,0.1,137041,25613800,63590000,7.2,3.1333,3.8667,-36285,1.28991E+13,-3.66773E+12
13.Nov,93.3737,1062.82,99.78833333,0.009408644,-0.00373776,0.019907617,-0.013146404,0.010498973,-0.023645377,0.5422308383102133,0.060532856,-0.062334487,-0.010445871,-0.01908003,-0.01478929,0.08,2.5,0.07,4298004.8,399405500,129675425,-0.2042,-0.0193,0,137316,25613800,63590000,6.9,3.1333,3.8667,-33983,1.28991E+13,-3.66773E+12
13.Dec,93.534,1056.67,103.4115789,0.001715286,-0.005803299,0.035665661,-0.007518585,0.033950376,-0.041468961,0.5304454082562524,0.1312544672844836,-0.051514525,0.009408644,-0.00373776,0.019907617,0.09,2.5,0.07,4298004.8,399405500,129675425,-0.0086,0.1214,0.1,137373,25613800,63590000,6.7,3.1333,3.8667,-33636,1.28991E+13,-3.66773E+12
14.Jan,94.4648,1064.75,103.935,0.009902272,0.007617576,0.005048766,-0.002284696,-0.004853505,0.00256881,0.5332106843940216,0.1997489460681234,0.033326871,0.001715286,-0.005803299,0.035665661,0.07,2.5,0.07,4299434.5,405391600,131039875,0.372,0.5374,-0.2,137561,25209730,63513330,6.6,3.3667,3.6667,-37433,1.00547E+13,-4.74522E+12
14.Feb,94.6456,1071.3,102.1561111,0.001912111,0.006132834,-0.01726356,0.004220723,-0.019175671,0.023396394,0.4840635240312018,0.1316445730172788,-0.183462037,0.009902272,0.007617576,0.005048766,0.07,2.49,0.08,4299434.5,405391600,131039875,0.3698,0.2667,0,137712,25209730,63513330,6.7,3.3667,3.6667,-40119,1.00547E+13,-4.74522E+12
14.Mar,94.4408,1070.89,102.2725,-0.002166206,-0.000382786,0.001138675,0.001783421,0.003304882,-0.001521461,0.4053576015433987,0.1088171145876121,-0.240922355,0.001912111,0.006132834,-0.01726356,0.08,2.48,0.07,4299434.5,405391600,131039875,0.644,0.1841,0.3,137985,25209730,63513330,6.7,3.3667,3.6667,-42940,1.00547E+13,-4.74522E+12
14.Apr,93.9956,1044.55,102.5638095,-0.004725211,-0.024903908,0.002844317,-0.020178697,0.007569527,-0.027748225,0.6750254799089761,0.2135738401812759,-0.398107169,-0.002166206,-0.000382786,0.001138675,0.09,2.49,0.06,4379627,407901800,131805950,0.3297,0.0648,2.1,138297,26091570,63710000,6.2,3.5333,3.6333,-43735,1.24673E+13,-3.07482E+12
14.May,93.67,1024.99,101.79,-0.003470005,-0.018903314,-0.007573269,-0.015433309,-0.004103264,-0.011330045,0.7213667910127692,0.1803067528809924,-0.347321306,-0.004725211,-0.024903908,0.002844317,0.09,2.49,0.07,4379627,407901800,131805950,0.3493,0.1645,0.4,138512,26091570,63710000,6.3,3.5333,3.6333,-39575,1.24673E+13,-3.07482E+12
14.Jun,93.8274,1019.36,102.052381,0.001678957,-0.005507877,0.002574353,-0.007186834,0.000895396,-0.00808223,0.6875420170309382,0.4965424347770351,0.015102367,-0.003470005,-0.018903314,-0.007573269,0.1,2.48,0.07,4379627,407901800,131805950,0.1862,-0.1282,-0.1,138849,26091570,63710000,6.1,3.5333,3.6333,-38895,1.24673E+13,-3.07482E+12
14.Jul,93.6039,1019.93,102.78,-0.002384875,0.000559018,0.007104561,0.002943893,0.009489436,-0.006545543,0.6521047428748071,0.4165647204261886,0.016598279,0.001678957,-0.005507877,0.002574353,0.09,2.49,0.07,4451057,409878000,132028550,-0.039,0.1464,0,139073,26225530,63763330,6.2,3.5333,3.5667,-38935,1.04203E+13,-2.77647E+12
14.Aug,94.5808,1025.36,102.9571429,0.010382446,0.005309773,0.001722032,-0.005072673,-0.008660415,0.003587741,0.6959534603956208,0.3483375744383991,-0.009504294,-0.002384875,0.000559018,0.007104561,0.09,2.34,0.07,4451057,409878000,132028550,-0.1671,0.1748,0.2,139269,26225530,63763330,6.1,3.5333,3.5667,-36935,1.04203E+13,-2.77647E+12
14.Sep,96.1209,1033.24,107.2442105,0.016152278,0.007655726,0.040795762,-0.008496553,0.024643483,-0.033140036,0.748967794,0.6044011624514236,0.2926043164178918,0.010382446,0.005309773,0.001722032,0.09,2.23,0.07,4451057,409878000,132028550,0.0753,-0.0645,0.2,139563,26225530,63763330,5.9,3.5333,3.5667,-41672,1.04203E+13,-2.77647E+12
14.Oct,97.4396,1060.28,108.0613636,0.013625925,0.025833528,0.007590672,0.012207603,-0.006035252,0.018242856,0.7425298333832738,0.466924341,0.117453345,0.016152278,0.007655726,0.040795762,0.09,2.06,0.06,4478019.8,415313300,133221225,-0.2512,-0.3016,-0.3,139797,26062000,63863330,5.7,3.5667,3.4667,-41067,1.84673E+13,-2.11677E+12
14.Nov,99.1147,1095.1,116.2122222,0.017045066,0.032312659,0.072718774,0.015267593,0.055673708,-0.040406115,0.8360050123099146,0.613211416,0.515770679,0.013625925,0.025833528,0.007590672,0.09,1.98,0.06,4478019.8,415313300,133221225,-0.5399,-0.2017,-0.4,140090,26062000,63863330,5.8,3.5667,3.4667,-39808,1.84673E+13,-2.11677E+12
14.Dec,101.4441,1104.33,119.3126316,0.023230143,0.008393133,0.026329183,-0.01483701,0.003099041,-0.01793605,0.7446731344830483,0.666122259,0.6005565729242954,0.017045066,0.032312659,0.072718774,0.12,1.99,0.07,4478019.8,415313300,133221225,-0.567,-0.0096,0.1,140364,26062000,63863330,5.6,3.5667,3.4667,-42838,1.84673E+13,-2.11677E+12
15.Jan,103.7607,1088.86,118.3077778,0.022579378,-0.014107539,-0.008457689,-0.036686917,-0.031037068,-0.00564985,0.5018421559528602,0.4849586485432611,0.6391927012459135,0.023230143,0.008393133,0.026329183,0.11,1.99,0.07,4515882.3,428801500,136414000,-0.4706,0.6776,-0.2,140568,25542900,63913330,5.7,3.5333,3.5,-38865,2.87486E+13,-1.06752E+12
15.Feb,105.1685,1098.4,118.5633333,0.013476539,0.008723298,0.002157761,-0.004753241,-0.011318779,0.006565537,0.5343992671844875,0.4302463273284136,0.6872125467377518,0.022579378,-0.014107539,-0.008457689,0.11,1.99,0.08,4515882.3,428801500,136414000,0.4343,-0.0592,-0.2,140827,25542900,63913330,5.5,3.5333,3.5,-33903,2.87486E+13,-1.06752E+12
15.Mar,107.3647,1112.57,120.3868182,0.020667624,0.012818079,0.015262767,-0.007849545,-0.005404857,-0.002444689,0.5703153946499316,0.3950856691674811,0.6817365002454956,0.013476539,0.008723298,0.002157761,0.11,1.82,0.07,4515882.3,428801500,136414000,0.5952,0.0095,0.3,140923,25542900,63913330,5.4,3.5333,3.5,-48732,2.87486E+13,-1.06752E+12
15.Apr,106.3523,1088.66,119.5495238,-0.009474282,-0.021725072,-0.006979333,-0.01225079,0.002494949,-0.014745739,0.5833757205202423,0.4455250348708929,0.7325992667683217,0.020667624,0.012818079,0.015262767,0.12,1.73,0.06,4569946,432478700,137210350,0.2033,0.0307,0.5,141196,26341370,63916670,5.4,3.7,3.3667,-39836,2.46893E+13,-6.87182E+11
15.May,105.4065,1091.27,120.6894118,-0.008932864,0.002394573,0.00948969,0.011327438,0.018422554,-0.007095117,0.4616293347634251,0.3633609908438178,0.7101260218107603,-0.009474282,-0.021725072,-0.006979333,0.12,1.74,0.07,4569946,432478700,137210350,0.5097,0.2801,0.2,141538,26341370,63916670,5.6,3.7,3.3667,-38502,2.46893E+13,-6.87182E+11
15.Jun,106.179,1112.2,123.7504545,0.007302045,0.01899788,0.025046673,0.011695835,0.017744628,-0.006048793,0.3991709606394367,0.3270664993243362,0.7047462750003154,-0.008932864,0.002394573,0.00948969,0.13,1.57,0.07,4569946,432478700,137210350,0.3503,0.02,-0.2,141709,26341370,63916670,5.3,3.7,3.3667,-42425,2.46893E+13,-6.87182E+11
15.Jul,108.1236,1143.22,123.2433333,0.018148668,0.027508806,-0.004106354,0.009360138,-0.022255022,0.03161516,0.4100146388250528,0.2448863871934846,0.5406420247468673,0.007302045,0.01899788,0.025046673,0.13,1.48,0.07,4600406.5,438155400,137654050,0.0067,0.1802,-0.2,141991,26464530,64053330,5.2,3.6333,3.3667,-40340,2.40733E+13,-1.03785E+12
15.Aug,109.9768,1179.1,123.2338095,0.016994417,0.030902593,-7.73E-05,0.013908176,-0.017071697,0.030979873,0.4231630191194683,0.208394245,0.4194945746126486,0.018148668,0.027508806,-0.004106354,0.14,1.49,0.08,4600406.5,438155400,137654050,-0.1416,0.1399,0.1,142125,26464530,64053330,5.1,3.6333,3.3667,-44205,2.40733E+13,-1.03785E+12
15.Sep,110.8513,1184.76,120.285,0.007920229,0.004788787,-0.024219514,-0.003131442,-0.032139743,0.029008301,0.4418710816953445,0.2149496168035449,0.4777968230912018,0.016994417,0.030902593,-7.73E-05,0.14,1.48,0.07,4600406.5,438155400,137654050,-0.1557,-0.2594,0.1,142275,26464530,64053330,5,3.6333,3.3667,-41641,2.40733E+13,-1.03785E+12
15.Oct,109.9036,1148.18,120.0619048,-0.008586046,-0.031362142,-0.001856444,-0.022776097,0.006729602,-0.029505699,0.5934758724898271,0.252936682,0.4827458713555214,0.007920229,0.004788787,-0.024219514,0.12,1.48,0.08,4608784.3,441340300,137645725,-0.045,0,0,142579,26361970,64203330,5,3.5333,3.2667,-40873,2.66833E+13,-44494000000
15.Nov,111.6916,1151.97,122.5329412,0.016137884,0.00329544,0.020372418,-0.012842444,0.004234535,-0.017076978,0.5696203228273631,0.2294041925248197,0.2785588765458087,-0.008586046,-0.031362142,-0.001856444,0.12,1.49,0.08,4608784.3,441340300,137645725,-0.2111,-0.1895,-0.4,142808,26361970,64203330,5.1,3.5333,3.2667,-40451,2.66833E+13,-44494000000
15.Dec,112.7857,1172.24,121.924,0.009748056,0.017442928,-0.004982002,0.007694872,-0.014730058,0.02242493,0.5736048514223584,0.087275813,0.2363344626566633,0.016137884,0.00329544,0.020372418,0.24,1.48,0.07,4608784.3,441340300,137645725,-0.3417,0.2996,0,143077,26361970,64203330,5,3.5333,3.2667,-41003,2.66833E+13,-44494000000
16.Jan,115.2344,1201.67,118.3061111,0.021478757,0.024795808,-0.030122472,0.003317051,-0.051601229,0.05491828,0.800425629,-0.052279784,-0.022039969,0.009748056,0.017442928,-0.004982002,0.34,1.49,0.07,4631483.3,451429500,139366025,0.1653,0.1704,-0.3,143210,25747200,64400000,4.8,3.7333,3.2333,-40044,3.00258E+13,5.43991E+11
16.Feb,114.2817,1217.35,115.0931579,-0.008301862,0.012964109,-0.027533558,0.021265971,-0.019231696,0.040497667,0.7141230391522648,0.1183009293579932,-0.051884071,0.021478757,0.024795808,-0.030122472,0.38,1.49,0.03,4631483.3,451429500,139366025,0.0823,0.4284,0.1,143407,25747200,64400000,4.9,3.7333,3.2333,-43306,3.00258E+13,5.43991E+11
16.Mar,111.8934,1188.21,113.0704545,-0.021119821,-0.024228392,-0.017730754,-0.003108571,0.003389067,-0.006497639,0.7957845127066652,0.1330722347677804,0.030809145,-0.008301862,0.012964109,-0.027533558,0.36,1.49,-0.003,4631483.3,451429500,139366025,0.4306,-0.2583,0.1,143662,25747200,64400000,5,3.7333,3.2333,-36801,3.00258E+13,5.43991E+11
16.Apr,110.0171,1147.51,109.9652381,-0.016910824,-0.034853595,-0.027846817,-0.017942771,-0.010935993,-0.007006778,0.8189830388719006,0.2562992662774876,0.2034983757929983,-0.021119821,-0.024228392,-0.017730754,0.37,1.49,-0.036,4677925.5,458376000,138666725,0.4741,0.1887,0.2,143855,26551930,64536670,5.1,3.5667,3.1667,-38048,2.87508E+13,1.37098E+12
16.May,111.1405,1171.51,109.0622222,0.010159358,0.020699137,-0.008245733,0.010539779,-0.018405092,0.028944871,0.8407401251407519,0.34647743,0.2157441709284761,-0.016910824,-0.034853595,-0.027846817,0.37,1.49,-0.059,4677925.5,458376000,138666725,0.4046,0.0596,0.1,143900,26551930,64536670,4.8,3.5667,3.1667,-39032,2.87508E+13,1.37098E+12
16.Jun,111.5596,1170.5,105.4918182,0.003763811,-0.000862507,-0.033285168,-0.004626318,-0.037048978,0.032422661,0.8429909057113909,0.353884004,0.1571620762465491,0.010159358,0.020699137,-0.008245733,0.38,1.28,-0.055,4677925.5,458376000,138666725,0.3284,-0.0199,-0.1,144146,26551930,64536670,4.9,3.5667,3.1667,-41719,2.87508E+13,1.37098E+12
16.Jul,112.4773,1144.09,103.9710526,0.008192446,-0.022821447,-0.014520877,-0.031013893,-0.022713324,-0.008300569,0.7444669736334929,0.3163019994738615,0.1039745665778936,0.003763811,-0.000862507,-0.033285168,0.39,1.23,-0.043,4723159.8,458234600,138794650,-0.1618,-0.1883,-0.2,144520,26719130,64890000,4.8,3.8667,3.0333,-39931,2.22865E+13,9.45189E+11
16.Aug,111.4384,1111.68,101.2690909,-0.009279452,-0.028737177,-0.02633128,-0.019457725,-0.017051828,-0.002405897,0.7313156201169123,0.2872888533252616,0.053310731,0.008192446,-0.022821447,-0.014520877,0.4,1.23,-0.043,4723159.8,458234600,138794650,0.0918,0.2578,0,144662,26719130,64890000,4.9,3.8667,3.0333,-40146,2.22865E+13,9.45189E+11
16.Sep,112.3169,1107.49,101.9442105,0.007852368,-0.003776191,0.006644467,-0.011628559,-0.001207901,-0.010420659,0.7203318001537261,0.3529847588814146,0.081217636,-0.009279452,-0.028737177,-0.02633128,0.4,1.24,-0.052,4723159.8,458234600,138794650,0.2404,0.5958,0.2,144967,26719130,64890000,5,3.8667,3.0333,-37004,2.22865E+13,9.45189E+11
16.Oct,113.4747,1125.28,103.8175,0.010255564,0.0159357,0.018208842,0.005680136,0.007953278,-0.002273142,0.7149271001651593,0.4514839211576987,0.2845709647489823,0.007852368,-0.003776191,0.006644467,0.4,1.23,-0.037,4772344.8,464986500,138942150,0.1247,0.1371,0.6,145066,26618170,64993330,4.9,3.6,3,-38555,2.33089E+13,8.37221E+11
16.Nov,116.1075,1161.64,107.6244444,0.022936582,0.031800906,0.03601325,0.008864325,0.013076669,-0.004212344,0.7807082629515546,0.5300299916164253,0.4812282329932265,0.010255564,0.0159357,0.018208842,0.41,1.23,-0.049,4772344.8,464986500,138942150,-0.1555,-0.1473,0,145183,26618170,64993330,4.7,3.6,3,-43896,2.33089E+13,8.37221E+11
16.Dec,117.9048,1182.28,115.8995,0.015361033,0.017611978,0.074075636,0.002250945,0.058714603,-0.056463658,0.7887786972100951,0.5254091390325764,0.4771971009937684,0.022936582,0.031800906,0.03601325,0.54,1.22,-0.044,4772344.8,464986500,138942150,0.0327,0.1091,-0.2,145408,26618170,64993330,4.7,3.6,3,-40976,2.33089E+13,8.37221E+11
17.Jan,117.7858,1185.1,114.75,-0.001009799,0.002382382,-0.009967587,0.00339218,-0.008957789,0.012349969,0.7540170813506306,0.6981117475426106,0.60394198,0.015361033,0.017611978,0.074075636,0.65,1.24,-0.045,4820021,474680300,139790300,0.5828,1.0629,-0.2,145628,26100030,64993330,4.7,3.7,2.9,-43556,2.40721E+13,8.19447E+11
17.Feb,116.1204,1144.92,113.0715789,-0.014240137,-0.034492394,-0.014734789,-0.020252257,-0.000494652,-0.019757604,0.8646121303929111,0.6770301866643084,0.6806010726307253,-0.001009799,0.002382382,-0.009967587,0.66,1.23,-0.038,4820021,474680300,139790300,0.3146,0.2732,-0.1,145848,26100030,64993330,4.6,3.7,2.9,-39785,2.40721E+13,8.19447E+11
17.Mar,115.6558,1134.77,113.0145455,-0.004009045,-0.008904778,-0.000504528,-0.004895733,0.003504517,-0.00840025,0.8789745761636215,0.688889173,0.6682639669441466,-0.014240137,-0.034492394,-0.014734789,0.79,1.23,-0.042,4820021,474680300,139790300,0.0813,-0.0686,0.1,145969,26100030,64993330,4.4,3.7,2.9,-41124,2.40721E+13,8.19447E+11
17.Apr,114.7698,1132.73,110.062,-0.007690156,-0.001799339,-0.026472688,0.005890817,-0.018782533,0.024673349,0.8079745514926214,0.6882438150140766,0.6092885563356003,-0.004009045,-0.008904778,-0.000504528,0.9,1.23,-0.054,4859660.8,478531800,140387125,0.2966,-0.1261,0.4,146174,26918670,65340000,4.4,3.6667,2.8667,-44227,3.094E+13,6.53271E+11
17.May,114.2591,1125.28,112.2573684,-0.004459707,-0.006598755,0.019750324,-0.002139048,0.02421003,-0.026349079,0.7984346285834252,0.6613069641757355,0.6584844884727613,-0.007690156,-0.001799339,-0.026472688,0.91,1.23,-0.053,4859660.8,478531800,140387125,0.0855,0.1067,0.1,146380,26918670,65340000,4.4,3.6667,2.8667,-43985,3.094E+13,6.53271E+11
17.Jun,112.7603,1130.04,110.9059091,-0.01320435,0.004221137,-0.012111991,0.017425486,0.001092359,0.016333128,0.6917452599014927,0.7291532631416323,0.6870363282859061,-0.004459707,-0.006598755,0.019750324,1.04,1.24,-0.056,4859660.8,478531800,140387125,0.0907,-0.2132,-0.1,146583,26918670,65340000,4.3,3.6667,2.8667,-42579,3.094E+13,6.53271E+11
17.Jul,111.0606,1134.4,112.3936842,-0.015188328,0.003850846,0.013325569,0.019039175,0.028513898,-0.009474723,0.7281851585655457,0.7177330123837713,0.6728665338259681,-0.01320435,0.004221137,-0.012111991,1.15,1.24,-0.054,4923148.8,492808700,142452550,-0.069,0.1654,-0.2,146772,26997800,65680000,4.3,3.7333,2.8,-43854,3.19159E+13,8.1914E+11
17.Aug,109.9059,1130.79,109.9145455,-0.010451453,-0.003187373,-0.022304541,0.00726408,-0.011853088,0.019117167,0.7293791943685932,0.7237230315670587,0.6048035724441819,-0.015188328,0.003850846,0.013325569,1.16,1.23,-0.049,4923148.8,492808700,142452550,0.2994,0.5733,0.2,146919,26997800,65680000,4.4,3.7333,2.8,-41391,3.19159E+13,8.1914E+11
17.Sep,108.8542,1131.59,110.7231579,-0.009615173,0.00070722,0.007329808,0.010322393,0.016944981,-0.006622588,0.7672433296819872,0.7307371755638173,0.6074175113186997,-0.010451453,-0.003187373,-0.022304541,1.15,1.25,-0.058,4923148.8,492808700,142452550,0.5295,0.1163,0.2,147007,26997800,65680000,4.3,3.7333,2.8,-41593,3.19159E+13,8.1914E+11
17.Oct,110.8892,1131.57,112.9566667,0.018522132,-1.77E-05,0.019971252,-0.018539807,0.001449119,-0.019988926,0.6487504500715301,0.7070528048379857,0.5928750051301895,-0.009615173,0.00070722,0.007329808,1.15,1.24,-0.037,5009272,488213200,142415350,-0.0632,-0.0968,0,147150,26882830,65683340,4.2,3.6333,2.7,-42848,2.17364E+13,6.24373E+11
17.Nov,111.1635,1105.04,112.9947368,0.002470586,-0.023724516,0.000336976,-0.026195101,-0.00213361,-0.024061492,0.3103407593826122,0.6573446916795721,0.4926413240293102,0.018522132,-1.77E-05,0.019971252,1.16,1.26,-0.048,5009272,488213200,142415350,0.0024,-0.7443,0.4,147373,26882830,65683340,4.2,3.6333,2.7,-45463,2.17364E+13,6.24373E+11
17.Dec,110.8758,1085.78,112.9495,-0.002591435,-0.017582911,-0.000400424,-0.014991476,0.00219101,-0.017182486,0.024540241,0.4421888596882992,0.1441433421798998,0.002470586,-0.023724516,0.000336976,1.3,1.51,-0.042,5009272,488213200,142415350,-0.0588,0.3606,0.3,147523,26882830,65683340,4.1,3.6333,2.7,-46535,2.17364E+13,6.24373E+11
18.Jan,108.3567,1066.7,110.7744444,-0.022982093,-0.017728852,-0.019444715,0.005253241,0.003537379,0.001715863,0.1032876343334397,0.549447363,0.2511216732049184,-0.002591435,-0.017582911,-0.000400424,1.41,1.49,-0.04,5082138.3,495521400,142397525,0.5448,0.4176,0.1,147660,26283270,66480000,4,3.7,2.4667,-46993,1.81957E+13,-18859000000
18.Feb,107.65,1079.58,107.9005556,-0.006543339,0.012002306,-0.02628608,0.018545645,-0.019742741,0.038288386,-0.054291764,0.4822527258322733,-0.102264685,-0.022982093,-0.017728852,-0.019444715,1.42,1.49,-0.042,5082138.3,495521400,142397525,0.4535,0.7635,0,148054,26283270,66480000,4.1,3.7,2.4667,-48714,1.81957E+13,-18859000000
18.Mar,107.9473,1071.89,106.0004762,0.002757921,-0.007148631,-0.017766435,-0.009906552,-0.020524356,0.010617804,-0.062941156,0.3961578899822699,-0.07695386,-0.006543339,0.012002306,-0.02628608,1.51,1.49,-0.062,5082138.3,495521400,142397525,0.2261,-0.1052,-0.3,148280,26283270,66480000,4,3.7,2.4667,-43514,1.81957E+13,-18859000000
18.Apr,107.9428,1067.76,107.5214286,-4.17E-05,-0.003860449,0.014246577,-0.003818761,0.014288265,-0.018107026,-0.052610763,0.4268407673537786,-0.035221205,0.002757921,-0.007148631,-0.017766435,1.69,1.47,-0.063,5145228,499840000,142823100,0.3975,0.1823,-0.1,148422,27019200,66850000,4,3.7333,2.3667,-46306,1.94206E+13,7.60024E+11
18.May,111.046,1076.39,109.7015,0.028343073,0.008049853,0.020072877,-0.020293219,-0.008270195,-0.012023024,0.1894081534336738,0.5817621436923368,0.1216490731746826,-4.17E-05,-0.003860449,0.014246577,1.7,1.5,-0.061,5145228,499840000,142823100,0.4159,0.0485,0.1,148740,27019200,66850000,3.8,3.7333,2.3667,-41635,1.94206E+13,7.60024E+11
18.Jun,112.8435,1092.8,110.0252381,0.016057373,0.01513036,0.002946736,-0.000927013,-0.013110637,0.012183624,0.3714666678850113,0.5513830109504769,0.1828377063172547,0.028343073,0.008049853,0.020072877,1.82,1.49,-0.071,5145228,499840000,142823100,0.1594,-0.2021,-0.1,148959,27019200,66850000,4,3.7333,2.3667,-44928,1.94206E+13,7.60024E+11
18.Jul,113.0594,1122.8,111.4185,0.001911441,0.027082356,0.012583605,0.025170914,0.010672164,0.01449875,0.3747611830743861,0.6765308025665945,0.2609462213936702,0.016057373,0.01513036,0.002946736,1.91,1.49,-0.07,5199682.5,506010200,141961275,0.0067,-0.1913,0.1,149020,27015170,66833340,3.8,4.1667,2.4333,-49560,2.42508E+13,-5.40434E+11
18.Aug,113.8309,1121.15,111.0582609,0.00680067,-0.001470621,-0.003238445,-0.008271291,-0.010039115,0.001767824,0.3726574725445066,0.6325864921719032,0.2641883992513151,0.001911441,0.027082356,0.012583605,1.91,1.5,-0.059,5199682.5,506010200,141961275,0.0556,0.8845,0.5,149279,27015170,66833340,3.8,4.1667,2.4333,-49301,2.42508E+13,-5.40434E+11
18.Sep,114.0783,1120.6,111.9464706,0.002171041,-0.000490688,0.007965879,-0.002661729,0.005794838,-0.008456567,0.3981114701352699,0.6933469096723721,0.2608724973220137,0.00680067,-0.001470621,-0.003238445,1.95,1.54,-0.058,5199682.5,506010200,141961275,0.1162,0.7631,0.1,149358,27015170,66833340,3.7,4.1667,2.4333,-50245,2.42508E+13,-5.40434E+11
18.Oct,114.8301,1130.81,112.775,0.00656859,0.009069934,0.007373867,0.002501344,0.000805277,0.001696067,0.4276522396247337,0.648942133,0.298556608,0.002171041,-0.000490688,0.007965879,2.19,1.52,-0.06,5229466.8,505602900,142017400,0.1767,-0.1796,0.3,149526,26970630,67120000,3.8,3.8,2.4667,-52160,1.64804E+13,-1.24778E+12
18.Nov,116.1678,1128.58,113.3835,0.011582053,-0.001973985,0.005381195,-0.013556038,-0.006200858,-0.00735518,0.4559301986956512,0.6542516087375618,0.3357731534912677,0.00656859,0.009069934,0.007373867,2.2,1.51,-0.071,5229466.8,505602900,142017400,-0.3349,-0.7107,-0.3,149617,26970630,67120000,3.8,3.8,2.4667,-49143,1.64804E+13,-1.24778E+12
18.Dec,116.2111,1122.9,112.5727778,0.000372667,-0.005045581,-0.007175952,-0.005418248,-0.007548619,0.002130371,0.444782008,0.6636523253845799,0.3894687375109256,0.011582053,-0.001973985,0.005381195,2.27,1.77,-0.068,5229466.8,505602900,142017400,-0.3194,-0.3443,-0.3,149809,26970630,67120000,3.9,3.8,2.4667,-54997,1.64804E+13,-1.24778E+12
19.Jan,114.4403,1122,108.9211111,-0.015355075,-0.000801817,-0.032976057,0.014553258,-0.017620982,0.03217424,0.1874582693946856,0.719103254,0.2651143251091247,0.000372667,-0.005045581,-0.007175952,2.4,1.75,-0.064,5277900,503374400,143158150,0.1907,-0.1051,0.1,150059,26460630,67233340,4,3.8667,2.4667,-48785,1.38249E+13,-4.5045E+11
19.Feb,114.4106,1122.45,110.3477778,-0.000259558,0.000400989,0.013013126,0.000660547,0.013272684,-0.012612137,0.2964937472846625,0.6168374891638667,0.4071598117456975,-0.015355075,-0.000801817,-0.032976057,2.4,1.76,-0.055,5277900,503374400,143158150,0.4227,0.4318,0,150065,26460630,67233340,3.8,3.8667,2.4667,-47570,1.38249E+13,-4.5045E+11
19.Mar,114.7823,1130.72,111.206,0.003243559,0.007340802,0.007747342,0.004097243,0.004503784,-0.000406541,0.2834134595729206,0.638441153,0.3215383231966255,-0.000259558,0.000400989,0.013013126,2.41,1.76,-0.041,5277900,503374400,143158150,0.5641,-0.1913,0,150295,26460630,67233340,3.8,3.8667,2.4667,-48154,1.38249E+13,-4.5045E+11
19.Apr,114.9024,1140.95,111.6638095,0.001045782,0.009006651,0.004108319,0.007960869,0.003062538,0.004898332,0.2346618478546665,0.6933861250091322,0.4133756986913418,0.003243559,0.007340802,0.007747342,2.42,1.75,-0.067,5349484.5,510024900,143704575,0.5295,0.3632,0.3,150593,27256100,67380000,3.7,3.9333,2.3333,-49769,1.17069E+13,-3.09791E+11
19.May,115.957,1183.29,109.8533333,0.00913636,0.036437446,-0.016346514,0.027301085,-0.025482874,0.05278396,0.3255254637468275,0.4822569751964121,-0.001226199,0.001045782,0.009006651,0.004108319,2.39,1.75,-0.049,5349484.5,510024900,143704575,0.2129,0.1719,0,150621,27256100,67380000,3.6,3.9333,2.3333,-51047,1.17069E+13,-3.09791E+11
19.Jun,115.4279,1175.62,108.057,-0.00457334,-0.006503026,-0.016487277,-0.001929686,-0.011913937,0.00998425,0.3402252750429717,0.5665220953660519,0.08813976,0.00913636,0.036437446,-0.016346514,2.38,1.76,-0.062,5349484.5,510024900,143704575,0.0199,-0.1616,-0.1,150839,27256100,67380000,3.6,3.9333,2.3333,-48703,1.17069E+13,-3.09791E+11
19.Jul,115.0785,1175.31,108.2404762,-0.003031588,-0.000263725,0.001696518,0.002767863,0.004728106,-0.001960243,0.4047014127409432,0.5626191250008314,-0.0936241,-0.00457334,-0.006503026,-0.016487277,2.4,1.63,-0.071,5429292.8,511130600,143842825,0.1671,-0.3056,-0.1,150936,27381630,67540000,3.7,3.7333,2.3333,-48436,1.06429E+13,-4.70039E+11
19.Aug,117.102,1208.98,106.2728571,0.017430846,0.028245086,-0.018345473,0.010814241,-0.035776319,0.046590559,0.61503907,0.2739896960466141,-0.247003609,-0.003031588,-0.000263725,0.001696518,2.13,1.51,-0.045,5429292.8,511130600,143842825,-0.0051,0.24,0.3,151171,27381630,67540000,3.6,3.7333,2.3333,-48676,1.06429E+13,-4.70039E+11
19.Sep,117.3256,1197.55,107.4822222,0.001907626,-0.009499226,0.011315549,-0.011406852,0.009407923,-0.020814775,0.5904267669420277,0.2653991725103036,-0.300319835,0.017430846,0.028245086,-0.018345473,2.04,1.52,-0.059,5429292.8,511130600,143842825,0.0783,0.3711,0.1,151365,27381630,67540000,3.5,3.7333,2.3333,-44400,1.06429E+13,-4.70039E+11
19.Oct,116.7479,1184.13,108.1233333,-0.004936066,-0.011269475,0.005947092,-0.006333409,0.010883158,-0.017216567,0.6155009037434278,0.1787533784559879,-0.371153908,0.001907626,-0.009499226,0.011315549,1.83,1.35,-0.021,5483304.3,516064400,141145950,0.2286,0.2475,0.3,151460,27392430,67820000,3.6,3.5333,2.3,-41305,1.14763E+13,-5.14983E+11
19.Nov,116.5605,1167.45,108.7933333,-0.001606458,-0.014186445,0.006177507,-0.012579987,0.007783965,-0.020363952,0.7000064880415661,0.098235904,-0.39919985,-0.004936066,-0.011269475,0.005947092,1.55,1.28,-0.043,5483304.3,516064400,141145950,-0.0536,-0.5598,0.1,151668,27392430,67820000,3.6,3.5333,2.3,-38786,1.14763E+13,-5.14983E+11
19.Dec,115.9107,1175.84,109.1547368,-0.005590384,0.007160903,0.003316421,0.012751287,0.008906806,0.003844481,0.6783164613073713,0.069458775,-0.405830739,-0.001606458,-0.014186445,0.006177507,1.55,1.28,-0.038,5483304.3,516064400,141145950,-0.091,0.2392,0,151795,27392430,67820000,3.6,3.5333,2.3,-43639,1.14763E+13,-5.14983E+11
20.Jan,115.2786,1164.28,109.2847368,-0.00546826,-0.009879916,0.001190261,-0.004411656,0.006658521,-0.011070177,0.7884815631351183,-0.50241759,-0.60844121,-0.005590384,0.007160903,0.003316421,1.55,1.27,-0.032,5437809.5,509731800,141929625,0.388,0.372,-0.1,152031,26748930,67650000,3.6,3.5667,2.4333,-43562,1.40925E+13,2.12883E+11
20.Feb,116.7095,1193.79,109.9735294,0.012336134,0.02503025,0.006282955,0.012694116,-0.006053179,0.018747295,0.8200547738258285,-0.374251818,-0.504398955,-0.00546826,-0.009879916,0.001190261,1.58,1.24,-0.016,5437809.5,509731800,141929625,0.2741,0.0699,-0.2,152292,26748930,67650000,3.5,3.5667,2.4333,-39931,1.40925E+13,2.12883E+11
20.Mar,121.0285,1220.09,107.2928571,0.036338114,0.021791506,-0.024677617,-0.014546607,-0.061015731,0.046469123,0.6952634481195925,-0.646408528,-0.576777974,0.012336134,0.02503025,0.006282955,0.65,0.98,-0.047,5437809.5,509731800,141929625,-0.2176,-0.2196,0,150895,26748930,67650000,4.4,3.5667,2.4333,-42374,1.40925E+13,2.12883E+11
20.Apr,123.2894,1225.23,107.93,0.018508382,0.004203955,0.005920791,-0.014304427,-0.012587591,-0.001716836,0.6600907416769404,-0.531185239,-0.587699272,0.036338114,0.021791506,-0.024677617,0.05,0.74,-0.036,4989572.8,503976500,132196600,-0.6687,-0.4403,-0.1,130424,26849170,66696660,14.8,4.1333,2.7333,-51888,3.3719E+12,-2.17271E+12
20.May,122.6238,1228.67,107.2917647,-0.005413305,0.002803702,-0.005930972,0.008217007,-0.000517667,0.008734674,0.7192888235745397,-0.495653079,-0.504548561,0.018508382,0.004203955,0.005920791,0.05,0.7,-0.047,4989572.8,503976500,132196600,0.002,-0.0603,0,133040,26849170,66696660,13.2,4.1333,2.7333,-53995,3.3719E+12,-2.17271E+12
20.Jun,119.6845,1210.01,107.555,-0.024262018,-0.01530366,0.002450448,0.008958359,0.026712466,-0.017754108,0.7483359358083252,-0.584407934,-0.633885278,-0.005413305,0.002803702,-0.005930972,0.08,0.48,-0.048,4989572.8,503976500,132196600,0.5472,0.2715,-0.2,137671,26849170,66696660,11,4.1333,2.7333,-49161,3.3719E+12,-2.17271E+12
20.Jul,118.7004,1198.9,106.6973684,-0.008256442,-0.009224154,-0.00800585,-0.000967712,0.000250592,-0.001218304,0.7599493810694118,-0.516274193,-0.563711549,-0.024262018,-0.01530366,0.002450448,0.09,0.48,-0.028,5426109.3,518844700,138686375,0.5058,-0.0802,0.1,139255,27067470,66833340,10.2,4,2.9667,-58882,17119009999999.996,7.82743E+11
20.Aug,116.9576,1186.85,106.0415,-0.014791195,-0.010101731,-0.006165968,0.004689464,0.008625228,-0.003935764,0.7564593670291403,-0.364052188,-0.357704796,-0.008256442,-0.009224154,-0.00800585,0.1,0.5,-0.035,5426109.3,518844700,138686375,0.3153,0.5621,0.1,140819,27067470,66833340,8.4,4,2.9667,-61843,17119009999999.996,7.82743E+11
20.Sep,116.3534,1178.8,105.6905556,-0.005179364,-0.006805767,-0.003314989,-0.001626402,0.001864375,-0.003490778,0.7791432435689584,-0.40009239,-0.306023446,-0.014791195,-0.010101731,-0.006165968,0.09,0.48,-0.054,5426109.3,518844700,138686375,0.1393,0.549,-0.2,141770,27067470,66833340,7.8,4,2.9667,-57002,17119009999999.996,7.82743E+11
20.Oct,115.7882,1144.68,105.222381,-0.004869451,-0.02937185,-0.004439513,-0.024502399,0.000429938,-0.024932337,0.704756223,-0.384255442,-0.180249451,-0.005179364,-0.006805767,-0.003314989,0.09,0.51,-0.02,5521790,525913600,141015125,0.0415,-0.5559,-0.1,142461,26951770,67223340,6.9,4.1667,3.0667,-61126,1.98157E+13,1.64871E+12
20.Nov,114.1033,1116.76,104.4264706,-0.014658482,-0.024693486,-0.007592832,-0.010035005,0.00706565,-0.017100654,0.7377609233124774,-0.342569154,-0.046894177,-0.004869451,-0.02937185,-0.004439513,0.09,0.49,-0.032,5521790,525913600,141015125,-0.0611,-0.0898,-0.3,142731,26951770,67223340,6.7,4.1667,3.0667,-64349,1.98157E+13,1.64871E+12
20.Dec,111.9051,1095.13,103.8888235,-0.019452988,-0.019558558,-0.005161871,-0.00010557,0.014291117,-0.014396688,0.78774742,-0.308091793,-0.090080963,-0.014658482,-0.024693486,-0.007592832,0.09,0.51,-0.026,5521790,525913600,141015125,0.0941,0.2398,-0.2,142548,26951770,67223340,6.7,4.1667,3.0667,-61928,1.98157E+13,1.64871E+12
21.Jan,111.4953,1097.49,103.6961111,-0.003668753,0.002152677,-0.001856709,0.00582143,0.001812044,0.004009386,0.7782689387520213,-0.305479877,-0.062883064,-0.019452988,-0.019558558,-0.005161871,0.09,0.49,-0.017,5670173.3,537774800,142167375,0.4254,0.7077,0.5,142913,26368530,67313340,6.4,4.2333,2.8667,-62826,1.4125E+13,6.29204E+11
21.Feb,112.0275,1111.72,105.3741176,0.004761939,0.012882611,0.016052429,0.008120672,0.01129049,-0.003169818,0.7720762381114341,-0.264646143,-0.024950722,-0.003668753,0.002152677,-0.001856709,0.08,0.49,-0.016,5670173.3,537774800,142167375,0.5474,0.5344,-0.1,143422,26368530,67313340,6.2,4.2333,2.8667,-65630,1.4125E+13,6.29204E+11
21.Mar,113.3497,1131.02,108.6495652,0.011733353,0.017211515,0.030610662,0.005478161,0.018877309,-0.013399148,0.7118465960335045,0.6301854035624103,0.7303845334978385,0.004761939,0.012882611,0.016052429,0.07,0.49,-0.017,5670173.3,537774800,142167375,0.7083,0.256,0.1,144246,26368530,67313340,6.1,4.2333,2.8667,-65658,1.4125E+13,6.29204E+11
21.Apr,112.6426,1119.4,109.1342857,-0.006257756,-0.010327053,0.004451398,-0.004069297,0.010709154,-0.014778451,0.73655339,0.697566506,0.7147845978493058,0.011733353,0.017211515,0.030610662,0.07,0.48,-0.012,5856477.5,550886200,143314100,0.8219,0.1375,-0.8,144611,27466800,67073340,6.1,3.7667,2.9,-65115,9.07601E+12,3.36977E+11
21.May,111.2252,1123.28,109.11,-0.012663,0.003460149,-0.000222555,0.016123149,0.012440444,0.003682705,0.6787252084832391,0.7227783240943909,0.7571279899826316,-0.006257756,-0.010327053,0.004451398,0.06,0.48,-0.017,5856477.5,550886200,143314100,0.8017,0.0686,0.3,145032,27466800,67073340,5.8,3.7667,2.9,-65779,9.07601E+12,3.36977E+11
21.Jun,111.5888,1121.3,110.1059091,0.003263712,-0.00176425,0.009086165,-0.005027962,0.005822453,-0.010850415,0.6896917099378743,0.8587477467696578,0.775271643,-0.012663,0.003460149,-0.000222555,0.08,0.51,-0.029,5856477.5,550886200,143314100,0.9291,0,0.1,145828,27466800,67073340,5.9,3.7667,2.9,-71187,9.07601E+12,3.36977E+11
21.Jul,113.0721,1143.98,110.1661111,0.013204982,0.020024684,0.000546615,0.006819702,-0.012658367,0.019478069,0.7630258947843788,0.714957782,0.6662833835592782,0.003263712,-0.00176425,0.009086165,0.1,0.53,-0.036,5995594.8,562050800,143324075,0.4811,0.2058,0.1,146759,27644600,67176660,5.4,3.2,2.7667,-69169,7.30515E+12,-8.17872E+11
21.Aug,113.4124,1160.34,109.8357143,0.003005064,0.014199655,-0.003003585,0.011194591,-0.006008649,0.01720324,0.7750656539061771,0.6423944148004452,0.5691316888809199,0.013204982,0.020024684,0.000546615,0.09,0.56,-0.034,5995594.8,562050800,143324075,0.2066,0.4792,0.1,147246,27644600,67176660,5.1,3.2,2.7667,-72588,7.30515E+12,-8.17872E+11
21.Sep,113.4532,1169.54,110.2188235,0.000359684,0.007897443,0.003481951,0.007537759,0.003122267,0.004415492,0.7734277896849321,0.63839455,0.5566203693436852,0.003005064,0.014199655,-0.003003585,0.08,0.77,-0.022,5995594.8,562050800,143324075,0.2716,0.4088,0.1,147712,27644600,67176660,4.7,3.2,2.7667,-74657,7.30515E+12,-8.17872E+11
21.Oct,114.0758,1182.82,113.127,0.005472723,0.011290909,0.026043387,0.005818186,0.020570664,-0.014752478,0.8711059441277902,0.64093327,0.5399669810413608,0.000359684,0.007897443,0.003481951,0.08,0.74,-0.027,6203400,571201200,144921225,0.8308,0.1745,0.1,148569,27611230,66930000,4.5,3.2667,2.7333,-66003,5.14281E+12,-1.84919E+12
21.Nov,115.0036,1182.91,114.0177778,0.008100293,7.608645115375623e-05,0.0078433,-0.008024206,-0.000256992,-0.007767214,0.7937678791221101,0.5682710285106806,0.4344069782019417,0.005472723,0.011290909,0.026043387,0.08,0.796,-0.039,6203400,571201200,144921225,0.4913,0.5031,0.1,149206,27611230,66930000,4.1,3.2667,2.7333,-79425,5.14281E+12,-1.84919E+12
21.Dec,115.8172,1183.62,113.6164706,0.007049654,0.000600035,-0.003525898,-0.006449619,-0.010575552,0.004125933,0.5779284769564176,0.3995050433211142,0.3379578954764603,0.008100293,7.608645115375623e-05,0.0078433,0.08,1.012,-0.026,6203400,571201200,144921225,0.3073,0.1637,0.1,149781,27611230,66930000,3.9,3.2667,2.7333,-79238,5.14281E+12,-1.84919E+12
22.Jan,115.0507,1194.01,114.8538889,-0.006640185,0.008739851,0.010832306,0.015380036,0.017472491,-0.002092455,0.49880044,0.3016741872608761,0.315455331,0.007049654,0.000600035,-0.003525898,0.08,1.188,-0.02,6312586.8,576699300,145010175,0.8415,0.7785,0.1,150006,27369370,67056660,4,2.9667,2.7,-83599,-1.46067E+12,-3.16117E+12
22.Feb,115.0057,1198.34,115.21,-0.000391208,0.003619876,0.003095761,0.004011084,0.003486969,0.000524115,0.4983347925466742,0.3001055776405743,0.2915845934076069,-0.006640185,0.008739851,0.010832306,0.08,1.219,-0.018,6312586.8,576699300,145010175,0.9134,0.5436,0.1,150875,27369370,67056660,3.9,2.9667,2.7,-84685,-1.46067E+12,-3.16117E+12
22.Mar,116.2984,1221.03,118.5095455,0.01117761,0.018757499,0.02823696,0.00757989,0.01705935,-0.009479461,0.5021733292603423,0.2764683228209763,0.3043541939827213,-0.000391208,0.003619876,0.003095761,0.2,1.244,-0.008,6312586.8,576699300,145010175,1.3351,0.645,0.1,151346,27369370,67056660,3.7,2.9667,2.7,-99398,-1.46067E+12,-3.16117E+12
22.Apr,117.1702,1232.34,126.2247619,0.007468277,0.009220036,0.063070632,0.00175176,0.055602356,-0.053850596,0.3975216598984053,0.291069064,0.2152773927759328,0.01117761,0.018757499,0.02823696,0.33,1.299,-0.012,6465323,582672300,145937450,0.5583,0.688,0.1,151651,28347030,67290000,3.7,2.8667,2.6,-82878,-7.49073E+12,-4.91454E+12
22.May,119.6926,1269.88,128.8783333,0.021299211,0.030007607,0.020804664,0.008708396,-0.000494547,0.009202943,0.644909113,0.2346709782473253,0.2122201028176294,0.007468277,0.009220036,0.063070632,0.77,1.505,-0.018,6465323,582672300,145937450,1.1024,0.6272,0.1,151892,28347030,67290000,3.6,2.8667,2.6,-82157,-7.49073E+12,-4.91454E+12
22.Jun,120.0269,1277.35,133.7957143,0.002789095,0.005865212,0.03744531,0.003076117,0.034656215,-0.031580098,0.6631754946795565,0.1635489760329893,0.1221779221306008,0.021299211,0.030007607,0.020804664,1.21,1.745,-0.038,6465323,582672300,145937450,1.3736,0.6605,0.1,152353,28347030,67290000,3.6,2.8667,2.6,-79785,-7.49073E+12,-4.91454E+12
22.Jul,122.7609,1307.4,136.7163158,0.022522677,0.023252813,0.021593975,0.000730136,-0.000928702,0.001658838,0.7055924696438102,0.2464155069306173,0.2271863083560205,0.002789095,0.005865212,0.03744531,1.68,1.971,-0.012,6584076,581884400,145581550,-0.0118,0.4805,0.1,153049,28424600,67323340,3.5,2.8,2.5333,-68396,-2.66913E+13,-6.39454E+12
22.Aug,122.3262,1318.44,135.2422727,-0.003547314,0.008408787,-0.010840309,0.011956101,-0.007292995,0.019249096,0.7117409915492191,0.3317010598251196,0.2869522859891071,0.022522677,0.023252813,0.021593975,2.33,2.263,-0.018,6584076,581884400,145581550,-0.0354,-0.092,0.1,153286,28424600,67323340,3.6,2.8,2.5333,-66959,-2.66913E+13,-6.39454E+12
22.Sep,125.5999,1391.59,143.29,0.026410211,0.053997759,0.057802766,0.027587548,0.031392555,-0.003805007,0.7902956932297527,0.489112167,0.5427945955373846,-0.003547314,0.008408787,-0.010840309,2.56,2.533,-0.049,6584076,581884400,145581550,0.2151,0.1749,0.1,153513,28424600,67323340,3.5,2.8,2.5333,-67781,-2.66913E+13,-6.39454E+12
22.Oct,127.4828,1426.66,147.0145,0.014879996,0.02488907,0.025660673,0.010009074,0.010780677,-0.000771603,0.7958065548463482,0.4984136171201201,0.5481644006696565,0.026410211,0.053997759,0.057802766,3.08,2.959,-0.05,6692628.5,582525500,148451400,0.4056,0.3124,0.1,153913,28215500,67226660,3.6,2.8667,2.5333,-74773,-2.72923E+13,-6.36374E+12
22.Nov,124.8627,1364.1,142.82,-0.02076672,-0.044841178,-0.028946125,-0.024074458,-0.008179405,-0.015895052,0.8978042351516143,0.6769820009246059,0.7072776929694891,0.014879996,0.02488907,0.025660673,3.78,3.096,-0.067,6692628.5,582525500,148451400,-0.101,-0.0824,0.1,154210,28215500,67226660,3.6,2.8667,2.5333,-62798,-2.72923E+13,-6.36374E+12
22.Dec,122.2476,1296.22,135.4223529,-0.021166237,-0.051042534,-0.053186661,-0.029876297,-0.032020424,0.002144127,0.9290772393867176,0.7907861147688418,0.8192381205151352,-0.02076672,-0.044841178,-0.028946125,4.1,3.235,-0.07,6692628.5,582525500,148451400,-0.307,0.1742,0.1,154336,28215500,67226660,3.5,2.8667,2.5333,-70521,-2.72923E+13,-6.36374E+12
23.Jan,119.8133,1247.25,130.3444444,-0.020113798,-0.038511209,-0.038217916,-0.01839741,-0.018104118,-0.000293293,0.9632692064863408,0.8385483237984547,0.8509756736178321,-0.021166237,-0.051042534,-0.053186661,4.33,3.269,-0.02,6804111.3,589288400,151416600,0.7995,0.7414,0.1,154780,27766700,67283340,3.5,2.7,2.6,-68800,-2.27882E+13,-4.42004E+12
23.Feb,120.3366,1270.74,132.5861111,0.004358118,0.01865828,0.017051811,0.014300162,0.012693692,0.00160647,0.9583661732413258,0.8374169129800229,0.8502962982864417,-0.020113798,-0.038511209,-0.038217916,4.57,3.425,-0.019,6804111.3,589288400,151416600,0.5582,0.2362,0.1,155086,27766700,67283340,3.6,2.7,2.6,-69202,-2.27882E+13,-4.42004E+12
23.Mar,120.8071,1305.73,133.8504545,0.003902242,0.027162863,0.009490836,0.023260621,0.005588594,0.017672027,0.9397941508226084,0.8340682167279379,0.8281011305398699,0.004358118,0.01865828,0.017051811,4.65,3.425,-0.017,6804111.3,589288400,151416600,0.3311,0.1722,0.1,155171,27766700,67283340,3.5,2.7,2.6,-58587,-2.27882E+13,-4.42004E+12
23.Apr,119.3744,1320.01,133.334,-0.011930286,0.010877041,-0.003865907,0.022807327,0.008064379,0.014742948,0.8990858462687498,0.8890645286133394,0.9053304694203296,0.003902242,0.027162863,0.009490836,4.83,3.467,-0.015,6882513.8,596883200,154360875,0.5059,0.2262,0.1,155387,28692970,67473340,3.4,2.5667,2.5333,-71110,-5.46612E+12,-2.02323E+12
23.May,119.7956,1328.21,137.1942105,0.003522185,0.006192859,0.028540258,0.002670674,0.025018074,-0.0223474,0.8978038620863298,0.8933222822423262,0.8869089778036516,-0.011930286,0.010877041,-0.003865907,5.06,3.57,-0.051,6882513.8,596883200,154360875,0.2518,0.325,0.1,155614,28692970,67473340,3.6,2.5667,2.5333,-65814,-5.46612E+12,-2.02323E+12
23.Jun,119.5789,1296.71,141.1585714,-0.001810553,-0.024001884,0.028486361,-0.022191331,0.030296914,-0.052488245,0.8784225191846724,0.8902754470751402,0.8171823326353101,0.003522185,0.006192859,0.028540258,5.08,3.566,-0.066,6882513.8,596883200,154360875,0.3229,0.027,0.1,155871,28692970,67473340,3.6,2.5667,2.5333,-65163,-5.46612E+12,-2.02323E+12
23.Jul,118.4119,1286.3,140.8416667,-0.00980718,-0.008060407,-0.00224755,0.001746773,0.00755963,-0.005812857,0.8940090854246364,0.9191479590606628,0.8117835932943612,-0.001810553,-0.024001884,0.028486361,5.12,3.51,-0.046,7018711.5,605422300,154363175,0.1908,0.1169,0.1,156019,28687200,67516660,3.5,2.6667,2.6,-63759,5.84744E+12,-1.44838E+12
23.Aug,120.2177,1318.47,144.7722727,0.015135042,0.024702093,0.027525647,0.009567052,0.012390605,-0.002823553,0.9022616503117942,0.9236581717012072,0.843227205,-0.00980718,-0.008060407,-0.00224755,5.33,3.538,-0.064,7018711.5,605422300,154363175,0.4367,0.8896,0.1,156176,28687200,67516660,3.7,2.6667,2.6,-59165,5.84744E+12,-1.44838E+12
23.Sep,121.9827,1329.47,147.7515789,0.014574966,0.008308393,0.020370368,-0.006266572,0.005795402,-0.012061975,0.8429223948534588,0.886969662,0.7920886375187747,0.015135042,0.024702093,0.027525647,5.33,3.596,-0.054,7018711.5,605422300,154363175,0.2485,0.4898,0.1,156334,28687200,67516660,3.7,2.6667,2.6,-59565,5.84744E+12,-1.44838E+12
23.Oct,123.7914,1350.69,149.5266667,0.01471866,0.015835206,0.011942407,0.001116547,-0.002776253,0.003892799,0.8283728565259986,0.8560183426122819,0.7768779965210239,0.014574966,0.008308393,0.020370368,5.33,3.517,-0.02,7106180.5,617093500,155861025,-0.0383,0.3811,0.1,156520,28518330,67600000,3.9,2.8333,2.5667,-64100,1.05536E+13,-1.7115E+12
23.Nov,121.5369,1310.39,149.8394737,-0.018379971,-0.03029077,0.002089796,-0.0119108,0.020469767,-0.032380566,0.813931813,0.7838885431770144,0.7096110538973044,0.01471866,0.015835206,0.011942407,5.33,3.572,-0.015,7106180.5,617093500,155861025,-0.2015,-0.5209,0.1,156661,28518330,67600000,3.7,2.8333,2.5667,-65053,1.05536E+13,-1.7115E+12
23.Dec,120.1585,1303.98,144.69375,-0.011406216,-0.004903677,-0.034945106,0.006502539,-0.02353889,0.030041429,0.758829591,0.7346464211576211,0.48307244,-0.018379971,-0.03029077,0.002089796,5.33,3.639,-0.012,7106180.5,617093500,155861025,-0.0993,0.0355,0.1,156930,28518330,67600000,3.8,2.8333,2.5667,-63888,1.05536E+13,-1.7115E+12
24.Jan,120.5769,1323.57,146.6511111,0.003476019,0.014911505,0.013436932,0.011435486,0.009960913,0.001474573,0.6826181187982466,0.6468677667774504,0.2222809013784041,-0.011406216,-0.004903677,-0.034945106,5.33,3.47,-0.014,7177040.3,633548700,154757050,0.5448,0.3904,0.1,157049,28060430,67666660,3.7,2.8,2.5667,-67077,1.72432E+13,-1.46125E+12
24.Feb,121.4155,1331.74,149.3866667,0.006930824,0.006153727,0.018481651,-0.000777097,0.011550827,-0.012327925,0.6768861514792945,0.6510815869296672,0.2032697370308244,0.003476019,0.014911505,0.013436932,5.33,3.582,-0.006,7177040.3,633548700,154757050,0.619,0.5479,0.1,157271,28060430,67666660,3.9,2.8,2.5667,-66431,1.72432E+13,-1.46125E+12
24.Mar,121.0413,1330.69,149.625,-0.003086738,-0.000788753,0.001594141,0.002297985,0.004680879,-0.002382894,0.7067498108227764,0.6577011999479557,0.230422928,0.006930824,0.006153727,0.018481651,5.33,3.467,0.022,7177040.3,633548700,154757050,0.6464,0.1494,0.1,157517,28060430,67666660,3.9,2.8,2.5667,-66266,1.72432E+13,-1.46125E+12
24.Apr,122.5142,1367.83,153.4333333,0.012095132,0.027527938,0.025133998,0.015432806,0.013038866,0.00239394,0.8352657341714281,0.6567522081402822,0.3486808030894912,-0.003086738,-0.000788753,0.001594141,5.33,3.518,0.077,7286761,638175400,157982450,0.6464,0.1494,0.1,157635,28838470,67686660,3.9,2.8,2.5667,-73110,1.94753E+13,-1.70285E+12
24.May,122.2444,1365.39,156.103,-0.002204622,-0.00178544,0.017249884,0.000419182,0.019454506,-0.019035324,0.8358188073026994,0.6541661884303557,0.335897024,0.012095132,0.027527938,0.025133998,5.33,3.53,0.077,7286761,638175400,157982450,0.6464,0.1494,0.1,157828,28838470,67686660,3.9,2.8,2.5667,-74456,1.94753E+13,-1.70285E+12
24.Jun,124.0309,1380.13,157.8210526,0.014508409,0.010737596,0.010945767,-0.003770813,-0.003562642,-0.000208171,0.8835362039090673,0.7000655862746441,0.57578874,-0.002204622,-0.00178544,0.017249884,5.33,3.547,0.077,7286761,638175400,157982450,0.6464,0.1494,0.1,157915,28838470,67686660,4.1,2.8,2.5667,-73892,1.94753E+13,-1.70285E+12
24.Jul,123.7208,1383.38,157.7425,-0.002503314,0.002352082,-0.000497856,0.004855396,0.002005458,0.002849938,0.8727913499494606,0.6923909677890683,0.553618977,0.014508409,0.010737596,0.010945767,5.33,3.518,0.078,7377916,635086800,159775725,0.6464,0.1494,0.1,158003,28833370,67830000,4.2,2.5333,2.5,-78639,1.73223E+13,-1.46425E+12
24.Aug,122.8802,1354.15,146.2328571,-0.006817517,-0.021355829,-0.075763694,-0.014538312,-0.068946177,0.054407865,0.8500547369362909,0.5519439657247953,0.624814809,-0.002503314,0.002352082,-0.000497856,5.33,3.531,0.227,7377916,635086800,159775725,0.6464,0.1494,0.1,158074,28833370,67830000,4.2,2.5333,2.5,-71214,1.73223E+13,-1.46425E+12
24.Sep,122.1296,1334.82,143.2205556,-0.006127121,-0.0143775,-0.020814474,-0.008250379,-0.014687353,0.006436974,0.8746710762198678,0.5389520666446259,0.6371530188705796,-0.006817517,-0.021355829,-0.075763694,5.13,3.529,0.227,7377916,635086800,159775725,0.6464,0.1494,0.1,158314,28833370,67830000,4.1,2.5333,2.5,-81498,1.73223E+13,-1.46425E+12
24.Oct,123.831,1361,149.6263636,0.013834957,0.019423272,0.043755488,0.005588316,0.029920532,-0.024332216,0.8849954951260168,0.6150809418476272,0.680373874,-0.006127121,-0.0143775,-0.020814474,4.83,3.321,0.227,7456295.5,650046500,161589075,0.6464,0.1494,0.1,158358,28569800,68043340,4.1,3.0333,2.5,-74250,2.04575E+13,-9.0718E+11
24.Nov,126.5329,1393.38,154.0355556,0.021584621,0.023512726,0.029042179,0.001928106,0.007457558,-0.005529453,0.8519852877404351,0.7508408258603749,0.8557964064794823,0.013834957,0.019423272,0.043755488,4.64,3.245,0.227,7456295.5,650046500,161589075,0.6464,0.1494,0.1,158619,28569800,68043340,4.2,3.0333,2.5,-79752,2.04575E+13,-9.0718E+11
24.Dec,127.814,1434.42,152.5175,0.010073729,0.029028136,-0.009904113,0.018954407,-0.019977841,0.038932249,0.8468515880557742,0.6650746186374243,0.7088909963108689,0.021584621,0.023512726,0.029042179,4.48,3.055,0.227,7456295.5,650046500,161589075,0.6464,0.1494,0.1,158942,28569800,68043340,4.1,3.0333,2.5,-96948,2.04575E+13,-9.0718E+11
25.Jan,129.0413,1455.79,156.4088235,0.009556426,0.014788122,0.025193899,0.005231696,0.015637473,-0.010405777,0.866445271,0.6810920520923951,0.7122384388962105,0.010073729,0.029028136,-0.009904113,4.33,3.053,0.293,7510528.3,647226700,162969000,0.6464,0.1494,0.1,159053,28215300,68170000,4,2.8333,2.4667,-128801,1.54181E+13,-1.00962E+12
25.Feb,128.0665,1445.56,151.9658824,-0.007582848,-0.007051919,-0.028817205,0.000530929,-0.021234357,0.021765286,0.8763138529075716,0.7145898720336322,0.7447522621481258,0.009556426,0.014788122,0.025193899,4.33,2.965,0.478,7510528.3,647226700,162969000,0.6464,0.1494,0.1,159155,28215300,68170000,4.2,2.8333,2.4667,-120278,1.54181E+13,-1.00962E+12
25.Mar,126.4864,1456.95,149.175,-0.012414868,0.00784842,-0.018535924,0.020263288,-0.006121057,0.026384344,0.7764277811274911,0.7240548814273866,0.7402750572808454,-0.007582848,-0.007051919,-0.028817205,4.33,2.754,0.477,7510528.3,647226700,162969000,0.6464,0.1494,0.1,159275,28215300,68170000,4.2,2.8333,2.4667,-136419,1.54181E+13,-1.00962E+12
25.Apr,124.4557,1444.31,144.3871429,-0.016184963,-0.008713511,-0.032621929,0.007471453,-0.016436966,0.023908418,0.7761773192890371,0.7269235332981145,0.7416029894683442,-0.012414868,0.00784842,-0.018535924,4.33,2.769,0.477,7621432.3,660025800,166336600,0.6464,0.1494,0.1,159433,29045800,68243340,4.2,2.6667,2.5,-60574,2.86221E+13,-7.48661E+11
25.May,122.6869,1394.49,144.8789474,-0.014314248,-0.035102942,0.003400364,-0.020788694,0.017714612,-0.038503306,0.7931651436517975,0.6800504309820122,0.5774860172726519,-0.016184963,-0.008713511,-0.032621929,4.33,2.738,0.477,7621432.3,660025800,166336600,0.6464,0.1494,0.1,159452,29045800,68243340,4.3,2.6667,2.5,-71052,2.86221E+13,-7.48661E+11
25.Jun,120.9747,1366.95,144.458,-0.014054149,-0.019946776,-0.00290974,-0.005892628,0.011144408,-0.017037036,0.8181892005477175,0.6286426023203368,0.527496296,-0.014314248,-0.035102942,0.003400364,4.33,2.52,0.477,7621432.3,660025800,166336600,0.6464,0.1494,0.1,159439,29045800,68243340,4.1,2.6667,2.5,-58185,2.86221E+13,-7.48661E+11
25.Jul,120.5266,1375.22,146.8109524,-0.003710957,0.006031738,0.016156913,0.009742695,0.019867871,-0.010125175,0.8110585509151269,0.6077538058241444,0.5329029849861312,-0.014054149,-0.019946776,-0.00290974,4.33,2.5,0.478,7774506.8,664424900,166252425,0.6464,0.1494,0.1,159511,29049670,68250000,4.3,2.5333,2.5,-74399,2.95557E+13,-6.07305E+11
25.Aug,120.9844,1389.66,147.67,0.003791136,0.010445395,0.005834333,0.006654258,0.002043197,0.004611061,0.8264156668422764,0.7220301593367808,0.4531035755011657,-0.003710957,0.006031738,0.016156913,4.33,2.506,0.477,7774506.8,664424900,166252425,0.6464,0.1494,0.1,159485,29049670,68250000,4.3,2.5333,2.5,-55629,2.95557E+13,-6.07305E+11
25.Sep,120.4534,1391.83,147.97,-0.004398656,0.001560315,0.002029496,0.005958971,0.006428152,-0.000469181,0.8300848424715684,0.7207945228010435,0.4084088557228112,0.003791136,0.010445395,0.005834333,4.22,2.526,0.477,7774506.8,664424900,166252425,0.6464,0.1494,0.1,159593,29049670,68250000,4.4,2.5333,2.5,-48137,2.95557E+13,-6.07305E+11
25.Oct,121.1712,1423.36,151.28,0.005941465,0.022400846,0.022122874,0.01645938,0.016181408,0.000277972,0.8230731163478481,0.6824011989534835,0.3917711615146797,-0.004398656,0.001560315,0.002029496,4.09,2.516,0.477,7774506.8,664424900,166252425,0.6464,0.1494,0.1,159420,29049670,68250000,4.4,2.5333,2.5,-29206,2.95557E+13,-6.07305E+11
25.Nov,121.8038,1457.77,155,0.005207132,0.023887597,0.024292693,0.018680465,0.019085561,-0.000405096,0.8460782222894973,0.6238753050723799,0.3813809546060726,0.005941465,0.022400846,0.022122874,3.88,2.512,0.478,7774506.8,664424900,166252425,0.6464,0.1494,0.1,159476,29049670,68250000,4.5,2.5333,2.5,-56825,2.95557E+13,-6.07305E+11
25.Dec,120.5723,1467.4,155.89,-0.01016198,0.006584256,0.005725513,0.016746237,0.015887494,0.000858743,0.7796849428122896,0.7510269702072937,0.5063245154803586,0.005207132,0.023887597,0.024292693,3.72,2.53,0.557,7774506.8,664424900,166252425,0.6464,0.1494,0.1,159526,29049670,68250000,4.4,2.5333,2.5,-56825,2.95557E+13,-6.07305E+11