Date,us_Trade Weighted Dollar Index,kr_fx,jp_fx,uk_fx,cn_fx,us_Trade Weighted Dollar Index,us_Balanced_of_Trade,us_Currency,us_Inflation_Rate,us_Inflation_Rate_MoM,us_Stock_Market,kr_Balanced_of_Trade,kr_Currency,kr_Inflation_Rate,kr_Inflation_Rate_MoM,kr_Stock_Market,jp_Balanced_of_Trade,jp_Currency,jp_Inflation_Rate,jp_Inflation_Rate_MoM,jp_Stock_Market,uk_Balanced_of_Trade,uk_Currency,uk_Inflation_Rate,uk_Inflation_Rate_MoM,uk_Stock_Market,ch_Balanced_of_Trade,ch_Currency,ch_Inflation_Rate,ch_Inflation_Rate_MoM,ch_Stock_Market
2011-M01,90.1112,1120.07,82.6111,0.64382449,6.603384211,90.1112,-48.123,77.735,1.6,0.3,1286.12,2484.043,1119.25,3.4,1.2,1,-497.158,82.07,-0.6,-0.1,10237.92,-399,1.6014,4,0.1,2.6,5.78,6.584,4.9,1,2790.69434
2011-M02,89.3967,1118.14,82.4978,0.620199609,6.584035714,89.3967,-44.753,76.889,2.1,0.3,1327.22,2065.824,1124.65,3.9,0.7,1,636.987,81.76,-0.5,0,10624.09,1469,1.6256,4.4,0.8,-0.9,-7.87,6.566,4.9,1.2,2905.053
2011-M03,88.4872,1122.45,81.7936,0.618555868,6.566243478,88.4872,-44.313,75.857,2.7,0.5,1325.83,2487.039,1095.5,4.1,0.4,1,170.93,83.15,-0.5,0,9755.1,-680,1.6031,4,0.2,-0.2,-0.19,6.5457,5.4,-0.2,2928.111
2011-M04,86.9214,1086.84,83.347,0.611931417,6.529183333,86.9214,-42.685,72.933,3.2,0.5,1363.61,4348.204,1068,3.8,0.1,1,-477.738,81.21,-0.4,-0.1,9849.74,-47,1.6701,4.5,1.1,0.7,11.22,6.4595,5.3,0.1,2911.5105
2011-M05,86.9464,1083.54,81.2572,0.612771123,6.49951,86.9464,-47.724,74.638,3.6,0.3,1345.2,2046.397,1078,3.9,0.2,1,-860.684,81.52,-0.4,0,9693.73,-3810,1.6449,4.5,0.2,-1.6,12.93,6.48,5.5,0.1,2743.472
2011-M06,86.9413,1081.27,80.5118,0.610928002,6.477838095,86.9412,-49.882,74.303,3.6,0,1320.64,1912.121,1066.3,4.2,0.2,1,64.452,80.52,-0.4,0,9816.09,-1650,1.6047,4.2,-0.1,-1.9,22.19,6.4625,6.4,0.3,2762.076
2011-M07,86.3178,1059.5,79.39736842,0.620222638,6.461215,86.3178,-46.07,73.897,3.6,0.3,1292.28,4653.984,1054,4.5,0.5,1,69.74,76.73,0.2,0.2,9833.03,-1505,1.6418,4.4,0,-1.7,30.14,6.428,6.5,0.5,2701.72925
2011-M08,86.8982,1073.17,77.22086957,0.610779915,6.409026087,86.8983,-45.052,74.117,3.8,0.3,1218.89,410.381,1064.9,4.7,0.7,1,-777.455,76.59,0.2,0,8955.2,-1230,1.6252,4.5,0.5,-2,17.86,6.356,6.2,0.3,2567.34
2011-M09,89.7253,1118.61,76.8375,0.633647969,6.3828,89.7253,-43.477,78.553,3.9,0.2,1131.42,1231.496,1180.9,3.8,-0.1,1,288.773,77.04,0,-0.1,8700.29,-2419,1.5582,5.2,0.6,-0.7,14.59,6.49,6.1,0.5,2359.21948
2011-M10,90.6098,1155.45,76.772,0.634544234,6.3565,90.6098,-45.51,76.166,3.5,0.1,1253.3,3903.709,1111.85,3.6,-0.2,1,-283.014,78.2,-0.2,0,8988.39,-1137,1.6088,5,0.1,-0.3,17.13,6.393,5.5,0.1,2468.24976
2011-M11,91.2649,1132.31,77.5794,0.631473631,6.3392,91.2649,-47.461,78.384,3.4,0.2,1246.96,3002.114,1140.05,4.2,0.1,1,-691.237,77.5,-0.5,-0.2,8434.61,-1630,1.5694,4.8,0.1,-0.7,14.66,6.379,4.2,-0.2,2333.41431
2011-M12,92.2056,1147.45,77.8586,0.640811131,6.3286,92.2056,-49.474,80.178,3,0,1257.6,2255.254,1158.5,4.2,0.4,1,-208.309,76.94,-0.2,0.1,8455.35,-225,1.5535,4.2,0.5,1.8,16.46,6.343,4.1,0.3,2199.417
2012-M01,91.6463,1145.85,76.9783,0.64432658,6.3158,91.6463,-50.126,79.288,2.9,0.3,1312.41,-2316.933,1125.45,3.3,0.4,1,-1490.675,76.19,0.1,0.2,8802.51,-549,1.5756,3.6,-0.5,-0.1,27.01,6.302,4.5,1.5,2292.60962
2012-M02,89.9605,1123.35,78.392,0.632949895,6.30036,89.9605,-42.78,78.737,2.9,0.2,1365.68,1216.199,1118.8,3,0.4,1,25.894,81.22,0.3,0.2,9723.24,614,1.5916,3.4,0.5,-0.4,-32,6.295,3.2,-0.1,2428.487
2012-M03,90.5112,1125.9,82.4347619,0.632253224,6.308136364,90.5112,-49.749,79.004,2.7,0.2,1408.47,2276.411,1131.4,2.7,0,1,-81.836,82.79,0.5,0.3,10083.56,-64,1.601,3.5,0.3,1.6,5.18,6.3135,3.6,0.2,2262.78833
2012-M04,90.8156,1135.55,81.4895,0.625046816,6.296582353,90.8156,-46.842,78.776,2.3,0.2,1397.91,2137.579,1129.55,2.6,0,1,-518.428,79.78,0.4,-0.2,9520.89,-3246,1.6231,3,0.6,-2.2,18.56,6.3,3.4,-0.1,2396.316
2012-M05,92.4928,1154.27,79.7155,0.62824543,6.305366667,92.4928,-45.106,83.043,1.7,-0.2,1310.33,2392.018,1179.87,2.5,0.2,1,-907.931,78.35,0.2,-0.3,8542.73,-1569,1.5403,2.8,-0.1,0.5,18.19,6.3655,3,-0.3,2372.23413
2012-M06,93.8809,1165.51,79.32142857,0.642536407,6.31779,93.8809,-42.941,82.807,1.7,-0.1,1362.16,5168.976,1140.72,2.2,-0.1,1,56.081,79.77,-0.2,-0.3,9006.78,-2954,1.5705,2.4,-0.4,1,31.65,6.365,2.2,-0.6,2225.43042
2012-M07,93.4062,1143.36,78.983,0.64148231,6.32402381,93.4062,-42.406,82.635,1.4,0,1379.32,2690.781,1130.27,1.5,-0.2,1,-528.551,78.11,-0.4,-0.2,8695.06,-424,1.5676,2.6,0.1,0.5,25.3,6.3722,1.8,0.1,2103.63452
2012-M08,92.5283,1131.69,78.66478261,0.636433864,6.34036087,92.5283,-44.03,81.208,1.7,0.6,1406.58,1929.506,1133.19,1.3,0.5,1,-768.435,78.37,-0.4,0,8839.91,-2533,1.5864,2.5,0.5,0.8,26.42,6.35,2,0.6,2047.52185
2012-M09,90.9802,1124.78,78.16777778,0.620439485,6.339410526,90.9802,-38.794,79.935,2,0.5,1440.67,2853.003,1113.07,2.1,0.7,1,-568.194,77.9,-0.3,0,8870.16,-1284,1.6164,2.2,0.4,1.1,27.46,6.3005,1.9,0.3,2086.1687
2012-M10,90.7566,1106.93,78.96863636,0.621769866,6.314353333,90.7566,-41.467,79.919,2.2,0.3,1412.16,3707.867,1089.92,2.1,-0.2,1,-556.195,79.76,-0.4,0,8928.29,-1960,1.6128,2.7,0.5,-0.7,32.07,6.2405,1.7,-0.1,2068.88
2012-M11,91.4751,1087.52,80.792,0.626334663,6.29576,91.4751,-45.332,80.153,1.8,-0.2,1416.18,4423.709,1081.5,1.6,-0.4,1,-957.041,82.45,-0.2,0,9446.01,-1049,1.601,2.7,0.2,-0.7,19.48,6.213,2,0.1,1980.11719
2012-M12,90.8804,1076.97,83.57777778,0.644745326,6.29005,90.8804,-36.334,79.678,1.7,0,1426.19,1806.202,1063.24,1.4,0.2,1,-645.748,86.01,-0.1,0.1,10395.18,-1679,1.6168,2.7,0.4,-1.1,30.99,6.223,2.5,0.8,2269.12817
2013-M01,90.8255,1065.35,89.16,0.62636387,6.278726316,90.8255,-40.135,79.207,1.6,0.2,1498.11,376.167,1087.31,1.6,0.6,1,-1633.117,91.72,-0.3,0.1,11138.66,-600,1.5854,2.7,-0.5,-1.1,28.09,6.2093,2,1,2385.422
2013-M02,91.5509,1086.68,93.16611111,0.646060869,6.2842,91.5509,-41.004,81.949,2,0.5,1514.68,1873.365,1083.9,1.6,0.3,1,-773.326,92.53,-0.7,-0.1,11559.36,-618,1.516,2.8,0.7,1.4,14.88,6.2188,3.2,1.1,2365.593
2013-M03,92.4132,1102.2,94.78842105,0.663440059,6.274578947,92.4132,-34.314,82.988,1.5,-0.3,1569.19,3335.965,1111.05,1.5,-0.1,1,-356.897,94.19,-0.9,0,12397.91,-827,1.5201,2.8,0.3,-1.9,-0.91,6.203,2.1,-0.9,2236.621
2013-M04,92.0478,1121.83,97.6995,0.653752868,6.247066667,92.0478,-38.487,81.746,1.1,-0.2,1597.57,2509.684,1101.16,1.3,-0.1,1,-877.366,97.41,-0.7,0,13860.86,-1179,1.5531,2.4,0.2,0.4,18.36,6.1623,2.4,0.2,2177.91187
2013-M05,92.529,1110.67,101.082,0.65340366,6.197804762,92.529,-41.701,83.261,1.4,0,1630.74,5917.686,1130.51,1.1,0,1,-991.321,100.46,-0.3,0.1,13774.54,-2691,1.5198,2.7,0.2,0.9,20.66,6.147,2.1,-0.6,2300.59473
2013-M06,93.2836,1135.21,97.33111111,0.645100322,6.17078,93.2836,-34.426,83.136,1.8,0.2,1606.28,5971.589,1141.45,1.2,-0.1,1,-180.528,99.12,0.2,0.2,13677.32,-2676,1.521,2.9,-0.2,1.4,27.27,6.1333,2.7,0,1979.206
2013-M07,93.8724,1127.23,99.75052632,0.658342308,6.17175,93.8724,-36.356,81.452,2,0.2,1685.73,2445.117,1123.25,1.6,0.2,1,-1032.456,97.86,0.7,0.3,13668.32,-1504,1.5206,2.8,0,1.7,17.76,6.1309,2.7,0.1,1993.79846
2013-M08,93.7149,1116.98,97.87,0.64549,6.170763636,93.7149,-36.617,82.087,1.5,0.2,1632.97,4717.519,1109.42,1.5,0.4,1,-971.408,98.15,0.9,0.2,13388.86,-728,1.5508,2.7,0.4,0.9,28.13,6.115,2.6,0.5,2098.38159
2013-M09,93.4706,1087.35,99.27888889,0.6302,6.158166667,93.4706,-39.917,80.221,1.2,0,1681.55,3595.081,1073.58,1,0.2,1,-943.249,98.21,1.1,0.2,14455.8,-2833,1.6184,2.7,0.4,1.5,14.75,6.1158,3.1,0.8,2174.66479
2013-M10,92.4993,1066.8,97.82142857,0.621152059,6.140442105,92.4993,-36.285,80.195,1,0.1,1756.54,4875.521,1060.83,0.9,-0.3,1,-1100.426,98.35,1.1,0.1,14327.94,-4184,1.604,2.2,0,1.3,31.04,6.0899,3,0.1,2141.61377
2013-M11,93.3737,1062.82,99.78833333,0.621939404,6.137621053,93.3737,-33.983,80.68,1.2,0.2,1805.81,4798.954,1057.76,1.2,0,1,-1301.09,102.41,1.5,0.3,15661.87,-4062,1.6365,2.1,0.1,2.6,33.75,6.0839,2.8,-0.1,2220.50366
2013-M12,93.534,1056.67,103.4115789,0.610681513,6.1172,93.534,-33.636,80.035,1.5,0.3,1848.36,3630.271,1049.5,1.1,0.1,1,-1307.167,105.3,1.6,0.1,16291.31,-1433,1.6556,2,0.4,2.7,25.23,6.0562,2.5,0.3,2115.97754
2014-M01,94.4647,1064.75,103.935,0.607025743,6.103915789,94.4648,-37.433,81.311,1.6,0.2,1782.59,813.619,1080.36,1.1,0.5,1,-2795.115,102.03,1.4,-0.1,14914.53,-3116,1.6432,1.9,-0.6,3,32.02,6.0341,2.5,1,2033.08313
2014-M02,94.6456,1071.3,102.1561111,0.612956557,6.113266667,94.6456,-40.119,79.691,1.1,0.1,1859.45,850.181,1066.01,1,0.3,1,-806.129,101.8,1.5,0.1,14841.07,-1984,1.6743,1.7,0.5,2.1,-22.57,6.1194,2,0.5,2056.30151
2014-M03,94.4408,1070.89,102.2725,0.601568574,6.136905263,94.4408,-42.94,80.1,1.5,0.2,1872.34,3505.717,1064.65,1.3,0.2,1,-1450.136,103.19,1.6,0.1,14827.83,-1413,1.6662,1.6,0.2,4.3,7.99,6.2141,2.4,-0.5,2033.30591
2014-M04,93.9956,1044.55,102.5638095,0.597447382,6.15511,93.9956,-43.735,79.474,2,0.2,1883.95,4394.115,1032.75,1.5,0.1,1,-825.527,102.24,3.4,1.8,14304.11,-1721,1.687,1.8,0.4,4.3,18.66,6.251,1.8,-0.3,2026.35754
2014-M05,93.67,1024.99,101.79,0.593458803,6.162883333,93.67,-39.575,80.369,2.1,0.2,1923.57,4969.7,1020.3,1.7,0.2,1,-917.223,101.78,3.7,0.3,14632.38,-1282,1.675,1.5,-0.1,3.6,36.24,6.246,2.5,0.1,2039.2124
2014-M06,93.8274,1019.36,102.052381,0.59157923,6.156361905,93.8274,-38.895,79.775,2.1,0.1,1960.23,5351.328,1011.5,1.7,-0.1,1,-834.057,101.3,3.6,0.1,15162.1,-2072,1.7103,1.9,0.2,3.1,31.89,6.2041,2.3,-0.1,2048.327
2014-M07,93.6039,1019.93,102.78,0.592311793,6.1675,93.6039,-38.935,81.456,2,0.1,1930.67,2340.63,1027.75,1.6,0.1,1,-966.54,102.79,3.4,0.1,15620.77,-3258,1.6884,1.6,-0.3,3.3,47.35,6.1796,2.3,0.1,2201.562
2014-M08,94.5808,1025.36,102.9571429,0.59873605,6.160614286,94.5808,-36.935,82.748,1.7,0,2003.37,3316.501,1013.85,1.4,0.2,1,-953.215,104.05,3.3,0.1,15424.59,-2533,1.6597,1.5,0.3,4.2,49.88,6.1484,2,0.2,2217.19971
2014-M09,96.1209,1033.24,107.2442105,0.613635534,6.152075,96.1209,-41.672,85.936,1.7,0,1972.29,3261.506,1054.55,1.1,-0.1,1,-961.981,109.64,3.2,0.1,16173.52,-1945,1.6212,1.2,0.1,2.3,31.21,6.1782,1.6,0.5,2363.86987
2014-M10,97.4396,1060.28,108.0613636,0.622456631,6.144041176,97.4396,-41.067,86.917,1.7,0,2018.05,7533.235,1072.6,1.1,-0.3,1,-741.759,112.3,2.9,-0.3,16413.76,-3133,1.5995,1.3,0.1,4.5,45.7,6.1268,1.6,0,2420.17822
2014-M11,99.1147,1095.1,116.2122222,0.62496094,6.144316667,99.1147,-39.808,88.356,1.3,-0.2,2067.56,5262.088,1112.45,1,-0.2,1,-898.821,118.61,2.4,-0.1,17459.85,-4048,1.5646,1,-0.3,4.3,54.77,6.1599,1.4,-0.2,2682.83472
2014-M12,101.4441,1104.33,119.3126316,0.636618284,6.124219048,101.4441,-42.838,90.269,0.8,-0.3,2058.9,5551.481,1092.9,0.8,0,1,-665.581,119.68,2.4,0.1,17450.77,-6440,1.5573,0.5,0,6.1,49.92,6.2158,1.5,0.3,3234.67725
2015-M01,103.7607,1088.86,118.3077778,0.655565753,6.127384211,103.7607,-38.865,94.804,-0.1,-0.6,1994.99,5822.365,1101.4,1,0.7,1,-1160.46,117.44,2.4,0,17674.39,-4430,1.5066,0.3,-0.8,5.4,59.32,6.2823,0.8,0.3,3210.36255
2015-M02,105.1685,1098.4,118.5633333,0.652512838,6.13435,105.1685,-33.903,95.321,0,0.3,2104.5,7473.875,1100.53,0.6,-0.1,1,-426.035,119.51,2.2,-0.1,18797.94,-4048,1.5432,0,0.2,4.7,60.46,6.285,1.4,1.2,3310.303
2015-M03,107.3647,1112.57,120.3868182,0.667745389,6.150547619,107.3647,-48.732,98.357,-0.1,0.3,2067.89,8336.836,1107.99,0.5,0,1,223.462,120.12,2.3,0.2,19206.99,-1490,1.4816,0,0.2,3.7,2.52,6.2051,1.4,-0.5,3747.89868
2015-M04,106.3523,1088.66,119.5495238,0.669210463,6.129778947,106.3523,-39.836,94.6,-0.2,0.1,2085.51,8363.133,1076.34,0.4,0,1,-58.341,119.34,0.6,0.2,19520.01,-1365,1.5349,-0.1,0.2,4.6,33.2,6.2072,1.5,-0.2,4441.65527
2015-M05,105.4065,1091.27,120.6894118,0.646304069,6.114152632,105.4065,-38.502,96.907,0,0.3,2107.39,6287.511,1112.01,0.6,0.3,1,-215.35,124.11,0.5,0.1,20563.15,-442,1.5288,0.1,0.2,4,57.16,6.2027,1.2,-0.2,4611.744
2015-M06,106.179,1112.2,123.7504545,0.643011856,6.116138095,106.179,-42.425,95.485,0.1,0.3,2063.11,9956.114,1119.03,0.7,0,1,-60.903,122.49,0.4,0,20235.73,-874,1.5705,0,0.1,3.9,45.2,6.2057,1.4,0,4277.22168
2015-M07,108.1236,1143.22,123.2433333,0.642806957,6.1167,108.1236,-40.34,97.336,0.2,0.2,2103.84,7048.68,1165.67,0.7,0.2,1,-261.391,123.92,0.2,0,20585.24,-3309,1.5622,0.1,-0.2,3.8,41.87,6.2205,1.6,0.3,3663.72559
2015-M08,109.9767,1179.1,123.2338095,0.640859202,6.30557619,109.9768,-44.205,95.824,0.2,0,1972.18,4335.236,1181.82,0.7,0.1,1,-567.54,121.22,0.2,0,18890.48,-1972,1.5342,0,0.3,2.9,59.69,6.4409,2,0.5,3205.9856
2015-M09,110.8513,1184.76,120.285,0.651214731,6.369315,110.8513,-41.641,96.35,0,-0.2,1920.03,8891.809,1184.44,0.5,-0.3,1,-121.285,119.84,0,0,17388.15,-1881,1.5127,-0.1,-0.1,6,59.61,6.3626,1.6,0.1,3052.78149
2015-M10,109.9036,1148.18,120.0619048,0.660763843,6.34906875,109.9036,-40.873,96.946,0.2,0.1,2079.36,6589.071,1140.16,0.8,0,1,104.786,120.61,0.3,-0.1,19083.1,-4210,1.5428,-0.1,0.1,3.8,61.29,6.32,1.3,-0.3,3382.56128
2015-M11,111.6916,1151.97,122.5329412,0.657396984,6.364152632,111.6916,-40.451,100.17,0.5,0.1,2080.41,10235.37,1159.61,0.8,-0.2,1,-387.498,123.08,0.3,-0.2,19747.47,-1757,1.5054,0.1,0,3.9,53.98,6.423,1.5,0,3445.40479
2015-M12,112.7857,1172.24,121.924,0.667153662,6.4527,112.7857,-41.003,98.631,0.7,-0.1,2043.94,6917.532,1174.95,1.1,0.3,1,138.947,120.3,0.2,0,19033.71,-576,1.4738,0.2,0,1.7,59.63,6.568,1.6,0.5,3539.182
2016-M01,115.2344,1201.67,118.3061111,0.694408181,6.574036842,115.2344,-40.045,99.606,1.4,0,1940.24,4938.519,1207.11,0.6,0.2,1,-657.004,121.03,-0.1,-0.2,17518.3,-909,1.4245,0.3,-0.8,5.2,56.85,6.5931,1.8,0.5,2737.59961
2016-M02,114.2817,1217.35,115.0931579,0.699705524,6.543913333,114.2817,-43.305,98.211,1,-0.1,1932.23,6761.217,1237.24,1.1,0.4,1,235.457,112.66,0.2,0.2,16026.76,-3126,1.3915,0.3,0.3,4,28.15,6.5517,2.3,1.6,2687.97876
2016-M03,111.8934,1188.21,113.0704545,0.702962077,6.507091304,111.8934,-36.801,94.586,0.9,0.3,2059.74,9658.045,1143.97,0.8,-0.3,1,744.887,112.56,0,0,16758.67,-3344,1.4358,0.5,0.4,3.8,24.91,6.4634,2.3,-0.4,3003.91528
2016-M04,110.0171,1147.51,109.9652381,0.698810892,6.478735,110.0171,-38.048,93.082,1.1,0.4,2065.3,8692.77,1143.83,1,0.2,1,811.259,106.35,-0.3,0,16666.05,-2032,1.4611,0.3,0,3.8,39.86,6.4855,2.3,-0.2,2938.32349
2016-M05,111.1405,1171.51,109.0622222,0.68853024,6.52882,111.1405,-39.031,95.891,1,0.2,2096.96,6708.349,1188.39,0.8,0.1,1,-47.339,110.68,-0.5,0,17234.98,-426,1.4477,0.3,0.2,5.2,44.84,6.5859,2,-0.5,2916.616
2016-M06,111.5596,1170.5,105.4918182,0.704277439,6.595765,111.5596,-41.719,96.143,1,0.3,2098.86,11318.841,1150.99,0.7,0,1,686.471,103.25,-0.4,0.1,15575.92,-3025,1.3306,0.5,0.2,3.8,45.34,6.6684,1.9,-0.1,2929.60571
2016-M07,112.4773,1144.09,103.9710526,0.760458908,6.678905,112.4773,-39.932,95.531,0.8,-0.1,2173.6,7509.898,1110.89,0.4,-0.2,1,504.525,102.05,-0.4,-0.1,16569.27,-4666,1.3226,0.6,0,5.5,48.35,6.6268,1.8,0.2,2979.33887
2016-M08,111.4384,1111.68,101.2690909,0.762492929,6.64916087,111.4384,-40.147,96.022,1.1,0.2,2170.95,5021.18,1115.29,0.5,0.3,1,-34.624,103.42,-0.5,-0.1,16887.4,-6368,1.3137,0.6,0.3,6,50.1,6.6905,1.3,0.1,3085.491
2016-M09,112.3169,1107.49,101.9442105,0.761105908,6.672636842,112.3169,-37.004,95.463,1.5,0.3,2168.27,6857.809,1100.91,1.3,0.6,1,486.587,101.33,-0.5,0,16449.84,-4898,1.2975,1,0.2,4.1,40.43,6.6728,1.9,0.7,3004.703
2016-M10,113.4747,1125.28,103.8175,0.810370715,6.749093333,113.4747,-38.555,98.445,1.6,0.2,2126.15,6933.218,1141.73,1.5,0.1,1,481.154,104.81,0.1,0.4,17425.02,-1379,1.2242,0.9,0.1,6.9,48.17,6.7771,2.1,-0.1,3100.492
2016-M11,116.1075,1161.64,107.6244444,0.804372221,6.833605,116.1075,-43.895,101.5,1.7,0.1,2198.81,8068.283,1176.39,1.5,-0.1,1,146.519,114.44,0.5,0.2,18308.48,-1989,1.2504,1.2,0.2,5.5,43.08,6.914,2.3,0.1,3250.03442
2016-M12,117.9048,1182.28,115.8995,0.800118531,6.921971429,117.9048,-40.977,102.21,2.1,0.3,2238.83,6764.923,1206.25,1.3,0.1,1,635.905,116.87,0.3,-0.2,19114.37,-2248,1.2336,1.6,0.5,4.7,39.63,6.9726,2.1,0.2,3103.63721
2017-M01,117.7858,1185.1,114.75,0.813702754,6.89796875,117.7858,-43.556,99.512,2.5,0.4,2278.87,2611.597,1150.65,2.2,1.1,1,-1105.013,112.78,0.4,-0.1,19041.34,-2150,1.2577,1.8,-0.5,0.9,48.68,6.8265,2.5,1,3159.166
2017-M02,116.1204,1144.92,113.0715789,0.800973002,6.873064706,116.1204,-39.785,101.12,2.7,0.2,2363.64,6963.254,1136.39,2.1,0.3,1,804.526,112.75,0.3,0,19118.99,-1617,1.238,2.3,0.7,2.6,-10.94,6.8549,0.8,-0.2,3241.73315
2017-M03,115.6558,1134.77,113.0145455,0.810867846,6.897234783,115.6558,-41.124,100.35,2.4,0,2362.72,6058.34,1116.65,2.3,-0.1,1,603.473,111.38,0.2,0,18909.26,-2182,1.2545,2.3,0.4,2.3,22.71,6.8703,0.9,-0.3,3222.51416
2017-M04,114.7698,1132.73,110.062,0.7915,6.891577778,114.7698,-44.227,99.05,2.2,0.1,2384.2,12884.408,1136.87,2,-0.1,1,478.254,111.27,0.4,0.2,19196.74,-999,1.2932,2.7,0.4,3.3,36.51,6.8964,1.2,0.1,3154.65845
2017-M05,114.2591,1125.28,112.2573684,0.773408985,6.889865,114.2591,-43.985,96.994,1.9,-0.1,2411.8,5639.215,1118.65,2,0.1,1,-204.399,110.8,0.4,0,19650.57,-2336,1.2874,2.9,0.4,0.6,39.92,6.7457,1.5,-0.1,3117.17773
2017-M06,112.7603,1130.04,110.9059091,0.781178429,6.807995455,112.7603,-42.579,95.628,1.6,0.1,2423.41,10721.439,1144.43,1.8,-0.2,1,433.246,112.35,0.4,0,20033.43,-4182,1.3025,2.6,0,2.6,41.22,6.7784,1.5,-0.2,3192.427
2017-M07,111.0606,1134.4,112.3936842,0.769826717,6.77148,111.0606,-43.854,92.863,1.7,0,2470.3,10223.283,1118.4,2.2,0.2,1,406.623,110.25,0.4,0,19925.18,-2451,1.3212,2.6,-0.1,0.6,44.85,6.7266,1.4,0.1,3273.02832
2017-M08,109.9059,1130.79,109.9145455,0.771475531,6.670969565,109.9059,-41.391,92.668,1.9,0.4,2471.65,6555.797,1123.85,2.5,0.6,1,96.762,109.96,0.7,0.1,19646.24,-2592,1.2929,2.9,0.6,1.9,40.05,6.5945,1.8,0.4,3360.8103
2017-M09,108.8542,1131.59,110.7231579,0.750298713,6.568445,108.8542,-41.593,93.076,2.2,0.5,2519.36,13419.356,1144.29,2,0.1,1,653.828,112.47,0.7,0.1,20356.28,-1576,1.3396,3,0.3,1.3,27.38,6.6468,1.6,0.5,3348.943
2017-M10,110.8892,1131.57,112.9566667,0.757316216,6.617525,110.8892,-42.848,94.552,2,0.1,2575.26,6934.677,1117.42,1.8,-0.1,1,278.554,113.62,0.2,-0.2,22011.61,-1156,1.3282,3,0.1,-0.2,36.9,6.6313,1.9,0.1,3393.3418
2017-M11,111.1635,1105.04,112.9947368,0.757144128,6.625385,111.1635,-45.463,93.047,2.2,0.3,2647.58,7693.685,1087.13,1.2,-0.7,1,105.193,112.52,0.6,0.5,22724.96,-2702,1.3525,3.1,0.4,0.7,38.43,6.611,1.7,0,3317.18848
2017-M12,110.8758,1085.78,112.9495,0.746027868,6.59355,110.8758,-46.535,92.124,2.1,0.2,2673.61,5511.073,1066.37,1.4,0.4,1,356.18,112.67,1,0.3,22764.94,-2110,1.3512,3,0.3,1.5,53.85,6.5125,1.8,0.3,3307.172
2018-M01,108.3567,1066.7,110.7744444,0.723511637,6.429014286,108.3567,-46.993,89.133,2.1,0.4,2823.81,3415.969,1069.08,0.8,0.4,1,-963.813,109.17,1.4,0.2,23098.29,-2828,1.419,3,-0.5,1.5,18.32,6.2977,1.5,0.6,3480.8335
2018-M02,107.6501,1079.58,107.9005556,0.716643566,6.313473333,107.65,-48.714,90.613,2.2,0.3,2713.83,2801.376,1084.21,1.3,0.8,1,-13.855,106.67,1.5,0.1,22068.24,-604,1.376,2.7,0.5,1.4,32.2,6.3301,2.9,1.2,3259.408
2018-M03,107.9473,1071.89,106.0004762,0.715826933,6.319477273,107.9473,-43.514,89.974,2.4,0,2640.87,6412.094,1060.25,1.2,-0.1,1,784.201,106.26,1.1,-0.3,21454.3,-3078,1.4015,2.5,0.1,0.5,-5.79,6.2602,2.1,-1.1,3168.89648
2018-M04,107.9428,1067.76,107.5214286,0.71050842,6.299573684,107.9428,-46.306,91.841,2.5,0.3,2648.05,6156.273,1069.33,1.5,0.2,1,620.959,109.33,0.6,-0.2,22482.0898,-2596,1.3769,2.4,0.4,0.3,26.22,6.3137,1.8,-0.2,3082.23169
2018-M05,111.046,1076.39,109.7015,0.741647198,6.374280952,111.046,-41.635,93.985,2.8,0.2,2705.27,6229.021,1079.59,1.5,0,1,-577.363,108.81,0.7,0.1,22201.82,-1927,1.3298,2.4,0.4,3.5,23.42,6.4072,1.8,-0.2,3095.47363
2018-M06,112.8435,1092.8,110.0252381,0.752347054,6.465695,112.8435,-44.928,94.636,2.9,0.1,2718.37,6079.212,1113.91,1.5,-0.2,1,727.784,110.66,0.7,0.1,22304.51,-274,1.3207,2.4,0,2.2,40.91,6.6339,1.9,-0.1,2847.41821
2018-M07,113.0594,1122.8,111.4185,0.759434619,6.718966667,113.0594,-49.56,94.493,2.9,0.1,2816.29,6893.211,1112.25,1.1,-0.2,1,-227.384,111.86,0.9,0.2,22553.72,-1133,1.3124,2.5,0,3.3,27.49,6.8028,2.1,0.3,2876.401
2018-M08,113.8309,1121.15,111.0582609,0.776455059,6.851795652,113.8309,-49.301,95.05,2.7,0.2,2901.52,6819.671,1115.46,1.4,0.9,1,-448.086,111.02,1.3,0.4,22865.15,-2744,1.2949,2.7,0.7,2.6,26.3,6.8445,2.3,0.7,2725.25
2018-M09,114.0783,1120.6,111.9464706,0.765587256,6.856544444,114.0783,-50.245,95.14,2.3,0.2,2913.98,9617.28,1109.98,2.1,0.8,1,124.109,113.813,1.2,0.1,24121.6699,-364,1.3037,2.4,0.1,2.4,30.26,6.8751,2.5,0.7,2821.35
2018-M10,114.8301,1130.81,112.775,0.768502573,6.936347059,114.8301,-52.16,97.127,2.5,0.2,2711.74,6379.692,1141.02,2,-0.2,1,-456.264,112.93,1.4,0.1,21920.46,-2561,1.2765,2.4,0.1,1.5,32.97,6.9733,2.5,0.2,2602.7832
2018-M11,116.1678,1128.58,113.3835,0.775073632,6.94079,116.1678,-49.143,97.272,2.2,-0.1,2760.17,4671.331,1119.44,2,-0.7,1,-739.103,113.46,0.8,-0.1,22351.06,-2952,1.2751,2.3,0.3,2.7,41.86,6.949,2.2,-0.3,2588.1875
2018-M12,116.2111,1122.9,112.5727778,0.788840536,6.885527778,116.2111,-54.997,96.173,1.9,0.1,2506.85,4182.099,1113.3,1.3,-0.3,1,-55.736,109.56,0.3,-0.2,20081.5,-5013,1.2757,2.1,0.1,2.6,56.8,6.8693,1.9,0,2493.89624
2019-M01,114.4403,1122,108.9211111,0.775757934,6.787638095,114.4403,-48.785,95.578,1.6,-0.1,2704.1,1015.545,1111.4,0.8,-0.1,1,-1424.054,108.87,0.2,0,20773.49,-8012,1.31,1.8,-0.7,3.7,38.34,6.7084,1.7,0.5,2584.57251
2019-M02,114.4106,1122.45,110.3477778,0.768655056,6.735614286,114.4106,-47.57,96.157,1.5,0.3,2784.49,2830.366,1124.6,0.5,0.4,1,328.765,111.37,0.2,0.1,21385.16,-8885,1.3261,1.9,0.5,3.7,2.96,6.7028,1.5,1,2940.95386
2019-M03,114.7823,1130.72,111.206,0.759293206,6.711614286,114.7823,-48.154,97.233,1.9,0.4,2834.4,5010.857,1136.1,0.4,-0.2,1,517.292,110.95,0.5,0,21201.5391,-8498,1.3022,1.9,0.2,6.4,31.37,6.722,2.3,-0.4,3090.758
2019-M04,114.9024,1140.95,111.6638095,0.766683023,6.716666667,114.9024,-49.769,97.479,2,0.4,2945.83,3733.992,1163.25,0.6,0.4,1,58.988,111.41,0.9,0.2,22345.5,-5501,1.3031,2.1,0.6,4.5,13.07,6.7361,2.5,0.1,3078.33887
2019-M05,115.957,1183.29,109.8533333,0.77873389,6.870263158,115.957,-51.047,97.75,1.8,0,2752.06,2084.281,1187.8,0.7,0.2,1,-965.407,108.26,0.7,-0.1,20601.19,-3200,1.2631,2,0.3,1.7,41.14,6.936,2.7,0,2898.696
2019-M06,115.4279,1175.62,108.057,0.788834832,6.901373684,115.4279,-48.703,96.2583,1.6,0,2941.76,3903.592,1155.38,0.7,-0.2,1,588.109,108.384,0.7,0,21250.7793,-567,1.2697,2,0,3.4,49.65,6.868,2.7,-0.1,2978.87842
2019-M07,115.0785,1175.31,108.2404762,0.80191585,6.877472727,115.0785,-48.436,98.516,1.8,0.2,2980.38,2315.976,1187.32,0.6,-0.3,1,-253.881,108.74,0.5,0,21521.53,379,1.2157,2.1,0,3.4,44.01,6.9076,2.8,0.4,2932.50586
2019-M08,117.102,1208.98,106.2728571,0.823307075,7.062122727,117.102,-48.676,98.916,1.7,0.1,2926.46,1562.815,1209.5,0,0.2,1,-152.21,106.29,0.3,0.1,20704.37,-2269,1.2156,1.7,0.5,2.4,34.72,7.1606,2.8,0.7,2886.23657
2019-M09,117.3256,1197.55,107.4822222,0.808987855,7.115873684,117.3256,-44.4,99.377,1.7,0.2,2976.74,5887.58,1198.09,-0.4,0.4,1,-129.074,108.06,0.2,0,21755.84,-1782,1.2287,1.7,0.1,2.7,39.08,7.1393,3,0.9,2905.18921
2019-M10,116.7479,1184.13,108.1233333,0.791362637,7.083117647,116.7479,-41.305,97.352,1.8,0.3,3037.56,5252.239,1169.24,0,0.2,1,11.163,108.02,0.2,0.2,22927.04,-1644,1.294,1.5,-0.2,2.8,42.31,7.0442,3.8,0.9,2929.05615
2019-M11,116.5605,1167.45,108.7933333,0.776243675,7.018315789,116.5605,-38.786,98.273,2.1,0.3,3143.6201,3311.507,1180.7,0.2,-0.6,1,-88.386,109.489,0.5,0.2,23293.91,5219,1.292,1.5,0.2,1,37.18,7.0295,4.5,0.4,2871.9812
2019-M12,115.9107,1175.84,109.1547368,0.761566288,7.020547368,115.9107,-43.639,96.389,2.3,0.3,3227.5701,1980.912,1154.07,0.7,0.2,1,-159.149,108.649,0.8,0.1,23656.62,7773,1.3246,1.3,0,1.7,47.25,6.9591,4.5,0,3050.124
2020-M01,115.2786,1164.28,109.2847368,0.764982733,6.921033333,115.2786,-43.562,97.39,2.5,0.2,3226.98,384.96,1194.97,1.2,0.4,1,-1315.402,108.363,0.7,0,23205.18,2412,1.3205,1.8,-0.3,1.6,54.67,7.0004,5.4,1.4,2976.528
2020-M02,116.7095,1193.79,109.9735294,0.771523475,6.999663158,116.7095,-39.931,98.132,2.3,0,2954.22,3934.572,1200.2,0.9,0.1,1,1109.726,107.496,0.4,-0.1,21142.96,-1353,1.2807,1.7,0.4,0.7,-61.99,6.9762,5.2,0.8,2880.30371
2020-M03,121.0285,1220.09,107.2928571,0.807687719,7.018072727,121.0285,-42.374,99.048,1.5,-0.5,2584.59,4363.344,1218.3,0.8,-0.2,1,1.889,107.472,0.4,0,18917.01,1332,1.2414,1.5,0,-6.7,19.97,7.0927,4.3,-1.2,2750.29614
2020-M04,123.2894,1225.23,107.93,0.805842357,7.0726,123.2894,-51.888,99.016,0.3,-0.8,2912.43,-1662.429,1212.94,0,-0.4,1,-945.496,107.264,0.1,-0.2,20193.69,8641,1.25769,0.8,-0.1,-22.9,44.94,7.0793,3.3,-0.9,2860.08228
2020-M05,122.6238,1228.67,107.2917647,0.81276816,7.111111765,122.6238,-53.995,98.19436,0.1,-0.1,3044.31,192.537,1231.49,-0.2,-0.1,1,-869.83,107.703,0.1,-0.1,21877.89,9471,1.23446,0.5,0,-11.8,61.62,7.133,2.4,-0.8,2852.35132
2020-M06,119.6846,1210.01,107.555,0.798597373,7.08581,119.6845,-49.161,97.391,0.6,0.5,3100.29,3419.211,1199.28,0.2,0.3,1,-303.226,107.978,0.1,-0.1,22288.14,4277,1.23869,0.6,0.1,-1.9,44.68,7.0681,2.5,-0.1,2984.674
2020-M07,118.7004,1198.9,106.6973684,0.788439228,7.008028571,118.7004,-58.882,93.349,1,0.5,3271.12,3935.959,1193.59,0.4,-0.1,1,-32.741,105.843,0.3,0.1,21710,2050,1.30847,1,0.5,1.8,60.31,6.9873,2.7,0.6,3310.00659
2020-M08,116.9576,1186.85,106.0415,0.762139937,6.929295238,116.9576,-61.843,92.144,1.3,0.4,3500.31,3651.302,1187.94,0.8,0.6,1,216.052,105.931,0.2,0,23139.76,1929,1.33629,0.2,-0.5,4,57.1,6.8477,2.4,0.4,3395.67749
2020-M09,116.3534,1178.8,105.6905556,0.771840183,6.809035,116.3534,-57.002,93.886,1.4,0.3,3363,8419.758,1164.65,0.9,0.5,1,652.333,105.43,0,-0.3,23185.12,-2069,1.29187,0.5,0.5,5.5,35.34,6.7833,1.7,0.2,3218.052
2020-M10,115.7882,1144.68,105.222381,0.771025593,6.702206667,115.7882,-61.126,94.038,1.2,0.1,3269.96,5724.739,1136.49,0.1,-0.6,1,840.796,104.667,-0.4,-0.1,22977.13,-1472,1.29492,0.7,0,7,57.32,6.6943,0.5,-0.3,3224.53247
2020-M11,114.1033,1116.76,104.4264706,0.757491189,6.608168421,114.1033,-64.349,91.869,1.2,0.2,3621.63,5807.12,1109.32,0.6,-0.1,1,325.91,104.302,-0.9,-0.2,26433.62,-3752,1.33378,0.3,-0.2,2.4,74.25,6.5827,-0.5,-0.6,3391.75513
2020-M12,111.9051,1095.13,103.8888235,0.747656975,6.544182353,111.9051,-61.928,89.937,1.4,0.4,3756.07,6694.203,1084.47,0.6,0.2,1,708.28,103.252,-1.2,-0.1,27444.17,-5798,1.36733,0.6,0.3,2.6,75.79,6.5017,0.2,0.7,3473.06934
2021-M01,111.4953,1097.49,103.6961111,0.732970963,6.468547368,111.4953,-62.826,90.60028,1.4,0.2,3714.24,3550.152,1117.64,0.9,0.7,1,-370.654,104.697,-0.7,0.4,27663.39,-2608,1.36981,0.7,-0.2,-5.1,61.41,6.4459,-0.3,1,3483.069
2021-M02,112.0275,1111.72,105.3741176,0.721763839,6.4596,112.0275,-65.63,90.79069,1.7,0.4,3811.15,2302.271,1123.89,1.4,0.5,1,167.303,106.496,-0.5,0.1,28966.01,-654,1.39792,0.4,0.1,-3.7,35.01,6.478,-0.2,0.6,3509.08032
2021-M03,113.3497,1131.02,108.6495652,0.721653528,6.509413043,113.3497,-65.658,93.232,2.6,0.5,3972.89,3948.359,1127.17,1.9,0.3,1,609.843,110.785,-0.4,0.1,29178.8,3329,1.37845,0.7,0.3,6.9,11.55,6.5627,0.4,-0.5,3441.91162
2021-M04,112.6426,1119.4,109.1342857,0.722503578,6.519138095,112.6426,-65.115,91.28,4.2,0.7,4181.17,334.84,1117.16,2.5,0.1,1,217.869,109.315,-1.1,-0.9,28812.63,3215,1.38125,1.5,0.6,40.7,40.47,6.4724,0.9,-0.3,3446.85645
2021-M05,111.2252,1123.28,109.11,0.710267909,6.43089375,111.2252,-65.779,90.031,5,0.7,4204.11,2814.64,1106.58,2.6,0.1,1,-217.852,109.487,-0.8,0.2,28860.08,4735,1.4224,2.1,0.6,21.6,42.84,6.3697,1.3,-0.2,3615.47729
2021-M06,111.5888,1121.3,110.1059091,0.712746829,6.424490476,111.5888,-71.187,92.436,5.4,0.9,4297.5,4349.878,1130.48,2.3,0,1,361.192,111.134,-0.5,0.2,28791.53,1301,1.38294,2.5,0.5,8.9,49.44,6.4676,1.1,-0.4,3591.197
2021-M07,113.0721,1143.98,110.1661111,0.724358173,6.47471,113.0721,-69.169,92.174,5.4,0.5,4395.26,1785.262,1151.41,2.6,0.2,1,428.415,109.7,-0.3,0.2,27283.59,-2815,1.3901,2,0,1.5,54.84,6.4615,1,0.3,3397.35742
2021-M08,113.4124,1160.34,109.8357143,0.724518928,6.476127273,113.4124,-72.588,92.626,5.3,0.3,4522.68,1584.011,1158.73,2.6,0.5,1,-663.436,110.02,-0.4,-0.1,28089.54,-2544,1.3754,3.2,0.7,0.4,58.45,6.4524,0.8,0.1,3543.94019
2021-M09,113.4532,1169.54,110.2188235,0.728575099,6.456194118,113.4532,-74.657,94.23,5.4,0.4,4307.54,4277.521,1184.23,2.4,0.4,1,-648.944,111.27,0.2,0.3,29452.66,-3400,1.3472,3.1,0.3,-1,67.54,6.4474,0.7,0,3568.16675
2021-M10,114.0758,1182.82,113.127,0.729977626,6.411353333,114.0758,-66.003,94.15673,6.2,0.9,4605.38,1812.548,1174.47,3.2,0.2,1,-90.716,114.184,0.1,-0.1,28892.69,2106,1.36835,4.2,1.1,-2.2,84.41,6.4021,1.5,0.7,3547.33618
2021-M11,115.0036,1182.91,114.0177778,0.742018662,6.39007,115.0036,-79.425,95.994,6.8,0.8,4567,2972.993,1182.71,3.8,0.5,1,-973.557,113.13,0.6,0.3,27821.76,22,1.3295,5.1,0.8,2.2,71.27,6.3653,2.3,0.4,3563.88721
2021-M12,115.8172,1183.62,113.6164706,0.753424202,6.367164706,115.8172,-79.238,95.968,7,0.7,4766.18,-425.554,1187.96,3.7,0.2,1,-603.086,115.08,0.8,0.1,28791.71,-1748,1.3529,5.4,0.5,1.6,93.21,6.3611,1.5,-0.3,3639.77539
2022-M01,115.0507,1194.01,114.8538889,0.738166511,6.35595,115.0507,-83.599,96.54,7.5,0.6,4515.55,-5151.345,1204.63,3.6,0.6,1,-2249.729,115.1,0.5,0.2,27001.98,-10899,1.3445,5.5,-0.1,8.8,79.31,6.3689,0.9,0.4,3361.4397
2022-M02,115.0057,1198.34,115.21,0.738849689,6.341373333,115.0057,-84.685,96.707,7.9,0.7,4373.94,673.782,1200.12,3.7,0.6,1,-737.611,114.99,0.9,0.5,26526.82,-7112,1.3419,6.2,0.8,6.4,26.18,6.3112,0.9,0.6,3462.3064
2022-M03,116.2984,1221.03,118.5095455,0.758965695,6.344891304,116.2984,-99.398,98.312,8.5,1,4530.41,-24.267,1214.17,4.1,0.7,1,-492.04,121.66,1.2,0.4,27821.43,-7384,1.3133,7,1.1,1.5,42.85,6.3533,1.5,0,3252.203
2022-M04,117.1702,1232.34,126.2247619,0.772777097,6.433521053,117.1702,-82.878,102.959,8.3,0.4,4131.93,-2370.369,1263.03,4.8,0.7,1,-888.186,129.83,2.5,0.3,26847.9,-5840,1.2571,9,2.5,-7,46.29,6.6397,2.1,0.4,3047.0625
2022-M05,119.6926,1269.88,128.8783333,0.803845597,6.71745,119.6926,-82.157,101.752,8.6,0.9,4132.15,-1577.053,1242.26,5.4,0.7,1,-2403.24,128.68,2.5,0.2,27279.8,-6255,1.26,9.1,0.7,-6.4,76.11,6.6787,2.1,-0.2,3186.427
2022-M06,120.0269,1277.35,133.7957143,0.812837702,6.69609,120.0269,-79.785,104.685,9.1,1.3,3785.38,-2469.972,1287.51,6,0.6,1,-1401.042,135.73,2.4,0.2,26393.04,-6375,1.2175,9.4,0.8,-7.2,93.31,6.6928,2.5,0,3398.61621
2022-M07,122.7609,1307.4,136.7163158,0.834452891,6.735365,122.7609,-68.396,105.903,8.5,0,4130.29,-5018.064,1302.97,6.3,0.5,1,-1479.833,133.19,2.6,0.4,27771.68945,-1380,1.2166,10.1,0.6,-4.9,98.24,6.7503,2.7,0.5,3253.23828
2022-M08,122.3262,1318.44,135.2422727,0.833210245,6.802173913,122.3262,-66.959,108.7,8.3,0.1,3955,-9421.783,1341.19,5.7,-0.1,1,-2791.055,138.96,3,0.3,28059.16016,1478,1.1622,9.9,0.5,-6.7,76.99,6.9053,2.5,-0.1,3202.1377
2022-M09,125.5999,1391.59,143.29,0.883466369,7.03022,125.5999,-67.781,112.117,8.2,0.4,3585.62,-3836.537,1439.96,5.6,0.3,1,-2125.295,144.75,3,0.4,25853.99023,4942,1.116,10.1,0.5,-7.8,82.15,7.1415,2.8,0.3,3024.39038
2022-M10,127.4828,1426.66,147.0145,0.885357297,7.225113333,127.4828,-74.773,111.5421,7.7,0.5,3871.98,-6739.094,1425.83,5.7,0.3,1,-2205.943,148.71,3.7,0.4,27564.96094,7253,1.1469,11.1,2,-6.5,81.71,7.3356,2.1,0.1,2893.483
2022-M11,124.8627,1364.1,142.82,0.854509138,7.18082,124.8627,-62.798,105.95,7.1,0.2,4080.11,-7075.799,1301.65,5,-0.1,1,-2057.638,138.03,3.8,0.4,27955.46094,4556,1.2056,10.7,0.4,-7.2,65.78,7.0449,1.6,-0.2,3151.33521
2022-M12,122.2476,1296.22,135.4223529,0.81918236,6.982929412,122.2476,-70.521,103.522,6.5,0,3839.5,-4774.396,1260.92,5,0.2,1,-1497.927,131.11,4,0.4,26101.99023,-731,1.2097,10.5,0.4,-7.4,69.01,6.9229,1.8,0,3089.25781
2023-M01,119.8133,1247.25,130.3444444,0.818310516,6.7953,119.8133,-68.8,102.097,6.4,0.6,4076.6,-12674.914,1233.3,5.2,0.8,1,-3538.861,130.09,4.3,0.4,27327.11,-1530,1.232,10.1,-0.6,-6.1,91.86,6.7556,2.1,0.8,3255.66919
2023-M02,120.3366,1270.74,132.5861111,0.826297123,6.835505263,120.3366,-69.202,104.869,6,0.3,3970.15,-5383.795,1323.02,4.8,0.3,1,-941.696,136.2,3.3,-0.6,27445.56,-1451,1.202,10.4,1.1,-4.8,12.02,6.9539,1,-0.5,3279.60522
2023-M03,120.8071,1305.73,133.8504545,0.823919456,6.89683913,120.8071,-58.587,102.506,5,0.1,4109.31,-4750.913,1306.11,4.2,0.2,1,-755.197,132.79,3.2,0.3,28041.48,-1161,1.2333,10.1,0.8,-5.3,77.07,6.8741,0.7,-0.3,3272.86
2023-M04,119.3744,1320.01,133.334,0.803254071,6.888573684,119.3744,-71.11,101.717,4.9,0.4,4169.48,-2518.785,1337.78,3.7,0.2,1,-462.094,136.28,3.5,0.4,28856.44,-616,1.2572,8.7,1.2,-3.1,85.05,6.9262,0.1,-0.1,3323.27466
2023-M05,119.7956,1328.21,137.1942105,0.801198593,6.994457895,119.7956,-65.814,104.326,4.1,0.2,4179.83,-2231.45,1320.56,3.3,0.3,1,-1388.104,139.34,3.2,0.1,30887.88,-5454,1.2437,8.7,0.7,-2.9,65.15,7.1181,0.2,-0.2,3204.56445
2023-M06,119.5789,1296.71,141.1585714,0.792575455,7.162473684,119.5789,-65.163,102.912,3,0.3,4450.38,1256.505,1315.11,2.7,0,1,35.377,144.32,3.3,0.3,33189.04,-2953,1.2704,7.9,0.1,-2,69.56,7.2676,0,-0.2,3202.06226
2023-M07,118.4119,1286.3,140.8416667,0.775002498,7.185289474,118.4119,-63.759,101.855,3.2,0.2,4588.96,1778.141,1277.86,2.3,0.1,1,-68.001,142.28,3.3,0.3,33172.22,-1748,1.2837,6.8,-0.4,-3.5,79.4,7.1447,-0.3,0.2,3291.03979
2023-M08,120.2177,1318.47,144.7722727,0.786873519,7.252882609,120.2177,-59.165,103.619,3.7,0.5,4507.66,1031.706,1325.14,3.4,1,1,-952.202,145.53,3.2,0.3,32619.34,-3289,1.2673,6.7,0.3,-1.9,67.22,7.2746,0.1,0.3,3119.87646
2023-M09,121.9827,1329.47,147.7515789,0.807223032,7.299236842,121.9827,-59.565,106.224,3.7,0.4,4288.05,3682.706,1352.31,3.7,0.6,1,33.082,149.35,3,0.2,31857.62,-1628,1.2197,6.7,0.5,-1.6,75.12,7.2955,0,0.2,3110.47534
2023-M10,123.7914,1350.69,149.5266667,0.822135006,7.3115125,123.7914,-64.1,106.663,3.2,0.1,4193.8,1563.157,1352.15,3.8,0.3,1,-702.859,151.67,3.3,0.7,30858.85,-5735,1.2152,4.6,0,-2.5,55.86,7.3418,-0.2,-0.1,3018.77051
2023-M11,121.5369,1310.39,149.8394737,0.806573575,7.236335,121.5369,-65.053,103.497,3.1,0.1,4567.8,3563.285,1299.35,3.3,-0.5,1,-813.869,148.19,2.8,0,33486.89,-3343,1.2622,3.9,-0.2,0,69.07,7.1433,-0.5,-0.5,3029.67261
2023-M12,120.1585,1303.98,144.69375,0.791104035,7.149575,120.1585,-63.888,101.379,3.4,0.2,4769.83,4450.339,1294.4,3.2,0,1,32.354,141.06,2.6,0.1,33464.17,-3233,1.2729,4,0.4,-3.5,74.73,7.1252,-0.3,0.1,2974.93481
2024-M01,120.5769,1323.57,146.6511111,0.787507875,7.17142381,120.5769,-67.077,103.274,3.1,0.3,4845.65,398.079,1333.59,2.8,0.4,1,-1791.095,146.88,2.2,0,36286.71,-844,1.2685,4,-0.6,-0.3,83.7,7.1849,-0.8,0.3,2788.548
2024-M02,121.4155,1331.74,149.3866667,0.791698252,7.193164286,121.4155,-66.431,104.156,3.2,0.4,5096.27,4290.215,1334.78,3.1,0.5,1,-415.429,149.98,2.8,0,39166.19,-1387,1.2623,3.4,0.6,-0.9,40.98,7.2065,0.7,1,3015.17114
2024-M03,121.0413,1330.69,149.625,0.786500505,7.202404762,121.0413,-66.266,104.477,3.5,0.3,5254.35,4290,1345.09,3.1,0.1,1,349.858,151.31,2.7,0.2,40369.44,-2218,1.2623,3.2,0.6,0.1,58.58,7.256,0.1,-1,3041.167
2024-M04,122.5142,1367.83,153.4333333,0.798521594,7.2395,122.5142,-73.11,106.32909,3.4,0.3,5035.69168,1530,1383.9,2.9,0,1,-504.692,157.733,2.5,0.2,38405.66,-5322,1.24888,2.3,0.3,-2.8,71.88,7.25375,0.3,0.1,3104.8245
2024-M05,122.2444,1365.39,156.103,0.792001539,7.2329,122.2444,-74.456,104.62328,3.3,0,5277.50735,4860,1383.03,2.7,0.1,1,-1225.174,157.272,2.8,0.5,38487.9,-3964,1.2742,2,0.3,1,81.4,7.26172,0.3,-0.1,3086.8134
2024-M06,124.0309,1380.13,157.8210526,0.786764143,7.255727778,124.0309,-73.892,105.84723,3,0,5460.48262,7990,1381.38,2.4,-0.2,1,221.347,160.839,2.8,0.3,39583.08,-3905,1.26449,2,0.1,-1.5,99.04,7.29951,0.2,-0.2,2967.4028
2024-M07,123.7208,1383.38,157.7425,0.777112915,7.262657143,123.7208,-78.639,104.05447,2.9,0.1,5522.30184,3620,1368.59,2.6,0.3,1,-628.339,149.786,2.8,0.2,39101.82,-2749,1.28528,2.2,-0.2,0.4,85.48,7.22461,0.5,0.5,2938.7493
2024-M08,122.8802,1354.15,146.2328571,0.774060852,7.152631818,122.8802,-71.214,101.72877,2.5,0.2,5648.39724,3770,1336.56,2,0.4,1,-711.441,146.158,3,0.5,38647.75,469,1.31265,2.2,0.3,1,91.55,7.08753,0.6,0.4,2842.2142
2024-M09,122.1296,1334.82,143.2205556,0.756389601,7.075288889,122.1296,-81.498,100.76095,2.4,0.2,5762.48488,6660,1316.51,1.6,0.1,1,-306.091,143.712,2.5,-0.3,37919.55,1327,1.33773,1.7,0,1.8,81.76,7.00975,0.4,0,3336.4974
2024-M10,123.831,1361,149.6263636,0.765710109,7.102838889,123.831,-74.25,103.88383,2.6,0.2,5705.44792,3150,1372.48,1.3,0,1,-472.33,151.962,2.3,0.4,39081.25,-2856,1.2897,2.3,0.6,0.8,95.72,7.12066,0.3,-0.3,3279.8244
2024-M11,126.5329,1393.38,154.0355556,0.784250597,7.204668421,126.5329,-79.752,105.737,2.7,0.3,6032.38441,5610,1394.67,1.5,-0.3,1,-115.538,149.8135,2.9,0.4,38208.03,-2924,1.27305,2.6,0.1,-0.8,97.33,7.248,0.2,-0.6,3326.4557
2024-M12,127.814,1434.42,152.5175,0.78845699,7.2766875,127.814,-96.948,108.487,2.9,0.4,5881.62765,6490,1478.25,1.9,0.4,1,127.722,157.351,3.6,0.6,39894.54,-1095,1.2519,2.5,0.3,2.5,105.18,7.3375,0.1,0,3351.763
2025-M01,129.0413,1455.79,156.4088235,0.809518316,7.30909375,129.0413,-128.801,108.37,3,0.5,6040.52593,-1890,1457.5,2.2,0.7,1,-2741.728,155.1395,4,0.5,39572.49,-784,1.23965,3,-0.1,-1.7,138.04,7.32225,0.5,0.7,3250.6007
2025-M02,128.0665,1445.56,151.9658824,0.798252248,7.278882353,128.0665,-120.278,107.614,2.8,0.2,5954.50483,4150,1461.8,2,0.3,1,590.5,150.575,3.7,-0.1,37155.5,-4946,1.25775,2.8,0.4,0.2,31.16,7.294,-0.7,-0.2,3320.8973
2025-M03,126.4864,1456.95,149.175,0.774627625,7.251428571,126.4864,-136.419,104.21,2.4,-0.1,5611.85261,4990,1473.04,2.1,0.2,1,559.4,149.96,3.6,0.3,35617.56,-3433,1.29178,2.6,0.3,1.5,102.02,7.26636,-0.1,-0.4,3335.7462
2025-M04,124.4557,1444.31,144.3871429,0.761424702,7.30177619,124.4557,-60.191,99.468,2.3,0.2,5569.06467,4880,1424.69,2.1,0.1,1,-115.6,143.069,3.6,0.1,36045.38,-2689,1.33282,3.5,1.2,2.8,95.93,7.26917,-0.1,0.1,3279.0314
2025-M05,122.6869,1394.49,144.8789474,0.748559024,7.209116667,122.6869,-71.116,99.329,2.4,0.1,5911.68672,6930,1382.99,1.9,-0.1,1,-638.6,144.0685,3.5,0.3,37965.1,-2479,1.34592,3.4,0.2,-1.3,102.89,7.2052,-0.1,-0.2,3347.4873
2025-M06,120.9747,1366.95,144.458,0.737471285,7.180978947,120.9747,-59.086,96.875,2.7,0.3,6204.95395,9080,1352.75,2.2,0,1,152.1,143.806,3.3,0.1,40487.39,-2791,1.37307,3.6,0.3,0.8,114.41,7.15651,0.1,-0.1,3444.4256
2025-M07,120.5266,1375.22,146.8109524,0.740573675,7.172822727,120.5266,-78.311,99.968,2.7,0.2,6339.39457,6610,1392.47,2.1,0.2,1,-118.4,150.808,3.1,0.1,41069.82,-3016,1.32076,3.8,0.1,0.8,97.92,7.21005,0,0.4,3573.2082
,120.9844,,,,,,,,,,,,,,,,,,,,,,,,,,,,,,
,120.4534,,,,,,,,,,,,,,,,,,,,,,,,,,,,,,
,121.1712,,,,,,,,,,,,,,,,,,,,,,,,,,,,,,
,121.8038,,,,,,,,,,,,,,,,,,,,,,,,,,,,,,
,120.5723,,,,,,,,,,,,,,,,,,,,,,,,,,,,,,